2026-04-22 18:19:35,370 - INFO - ('get_installed_languages',)
2026-04-22 18:19:35,377 - INFO - ('Translating from English to Vietnamese: Text to translate from',)
2026-04-22 18:19:35,379 - INFO - ('Translating from English to English: Text to translate from',)
2026-04-22 18:19:35,379 - INFO - ('Translating from English to Vietnamese: Text to translate from',)
2026-04-22 18:19:35,379 - INFO - ('Translating from English to Vietnamese: Text to translate from',)
2026-04-22 18:19:36,332 - INFO - ('paragraphs:', ['Text to translate from'])
2026-04-22 18:19:36,332 - INFO - ('apply_packaged_translation', 'Text to translate from')
2026-04-22 18:19:36,332 - INFO - ('Splitting sentences using SBD Model: (en) StanzaSentencizer',)
2026-04-22 18:19:38,109 - INFO - ('sentences', ['Text to translate from'])
2026-04-22 18:19:38,158 - INFO - ('tokenized', [['▁Text', '▁to', '▁translate', '▁from']])
2026-04-22 18:19:38,196 - INFO - ('translated_batches', [TranslationResult(hypotheses=[['▁Văn', '▁bản', '▁cần', '▁dịch', '▁từ']], scores=[-1.082147479057312], attention=[], logits=[])])
2026-04-22 18:19:38,196 - INFO - ('value_hypotheses:', [('Văn bản cần dịch từ', -1.082147479057312)])
2026-04-22 18:19:38,196 - INFO - ('translated_paragraphs:', [[('Văn bản cần dịch từ', -1.082147479057312)]])
2026-04-22 18:19:38,196 - INFO - ('hypotheses_to_return:', [('Văn bản cần dịch từ', -1.082147479057312)])
2026-04-22 18:39:35,274 - INFO - ('get_installed_languages',)
2026-04-22 18:39:35,278 - INFO - ('Translating from English to Vietnamese: Text to translate from',)
2026-04-22 18:39:35,279 - INFO - ('Translating from English to English: Text to translate from',)
2026-04-22 18:39:35,279 - INFO - ('Translating from English to Vietnamese: Text to translate from',)
2026-04-22 18:39:35,279 - INFO - ('Translating from English to Vietnamese: Text to translate from',)
2026-04-22 18:39:36,060 - INFO - ('paragraphs:', ['Text to translate from'])
2026-04-22 18:39:36,061 - INFO - ('apply_packaged_translation', 'Text to translate from')
2026-04-22 18:39:36,061 - INFO - ('Splitting sentences using SBD Model: (en) StanzaSentencizer',)
2026-04-22 18:39:37,516 - INFO - ('sentences', ['Text to translate from'])
2026-04-22 18:39:37,560 - INFO - ('tokenized', [['▁Text', '▁to', '▁translate', '▁from']])
2026-04-22 18:39:37,609 - INFO - ('translated_batches', [TranslationResult(hypotheses=[['▁Văn', '▁bản', '▁cần', '▁dịch', '▁từ']], scores=[-1.082147479057312], attention=[], logits=[])])
2026-04-22 18:39:37,610 - INFO - ('value_hypotheses:', [('Văn bản cần dịch từ', -1.082147479057312)])
2026-04-22 18:39:37,610 - INFO - ('translated_paragraphs:', [[('Văn bản cần dịch từ', -1.082147479057312)]])
2026-04-22 18:39:37,610 - INFO - ('hypotheses_to_return:', [('Văn bản cần dịch từ', -1.082147479057312)])
2026-04-22 18:42:28,797 - INFO - ('get_installed_languages',)
2026-04-22 18:42:28,800 - INFO - ('Translating from English to Vietnamese: Text to translate from',)
2026-04-22 18:42:28,801 - INFO - ('Translating from English to English: Text to translate from',)
2026-04-22 18:42:28,801 - INFO - ('Translating from English to Vietnamese: Text to translate from',)
2026-04-22 18:42:28,801 - INFO - ('Translating from English to Vietnamese: Text to translate from',)
2026-04-22 18:42:29,542 - INFO - ('paragraphs:', ['Text to translate from'])
2026-04-22 18:42:29,542 - INFO - ('apply_packaged_translation', 'Text to translate from')
2026-04-22 18:42:29,542 - INFO - ('Splitting sentences using SBD Model: (en) StanzaSentencizer',)
2026-04-22 18:42:31,127 - INFO - ('sentences', ['Text to translate from'])
2026-04-22 18:42:31,168 - INFO - ('tokenized', [['▁Text', '▁to', '▁translate', '▁from']])
2026-04-22 18:42:31,221 - INFO - ('translated_batches', [TranslationResult(hypotheses=[['▁Văn', '▁bản', '▁cần', '▁dịch', '▁từ']], scores=[-1.082147479057312], attention=[], logits=[])])
2026-04-22 18:42:31,221 - INFO - ('value_hypotheses:', [('Văn bản cần dịch từ', -1.082147479057312)])
2026-04-22 18:42:31,222 - INFO - ('translated_paragraphs:', [[('Văn bản cần dịch từ', -1.082147479057312)]])
2026-04-22 18:42:31,222 - INFO - ('hypotheses_to_return:', [('Văn bản cần dịch từ', -1.082147479057312)])
2026-04-22 23:00:26,165 - INFO - ('get_installed_languages',)
2026-04-22 23:00:26,169 - INFO - ('Translating from English to Vietnamese: Text to translate from',)
2026-04-22 23:00:26,170 - INFO - ('Translating from English to English: Text to translate from',)
2026-04-22 23:00:26,170 - INFO - ('Translating from English to Vietnamese: Text to translate from',)
2026-04-22 23:00:26,170 - INFO - ('Translating from English to Vietnamese: Text to translate from',)
2026-04-22 23:00:26,954 - INFO - ('paragraphs:', ['Text to translate from'])
2026-04-22 23:00:26,955 - INFO - ('apply_packaged_translation', 'Text to translate from')
2026-04-22 23:00:26,955 - INFO - ('Splitting sentences using SBD Model: (en) StanzaSentencizer',)
2026-04-22 23:00:28,900 - INFO - ('sentences', ['Text to translate from'])
2026-04-22 23:00:28,949 - INFO - ('tokenized', [['▁Text', '▁to', '▁translate', '▁from']])
2026-04-22 23:00:29,007 - INFO - ('translated_batches', [TranslationResult(hypotheses=[['▁Văn', '▁bản', '▁cần', '▁dịch', '▁từ']], scores=[-1.082147479057312], attention=[], logits=[])])
2026-04-22 23:00:29,007 - INFO - ('value_hypotheses:', [('Văn bản cần dịch từ', -1.082147479057312)])
2026-04-22 23:00:29,007 - INFO - ('translated_paragraphs:', [[('Văn bản cần dịch từ', -1.082147479057312)]])
2026-04-22 23:00:29,008 - INFO - ('hypotheses_to_return:', [('Văn bản cần dịch từ', -1.082147479057312)])
2026-04-22 23:01:53,418 - INFO - ('get_installed_languages',)
2026-04-22 23:01:53,419 - INFO - ('Translating from English to Vietnamese: Text to translate from',)
2026-04-22 23:01:53,420 - INFO - ('Translating from English to English: Text to translate from',)
2026-04-22 23:01:53,420 - INFO - ('Translating from English to Vietnamese: Text to translate from',)
2026-04-22 23:01:53,420 - INFO - ('Translating from English to Vietnamese: Text to translate from',)
2026-04-22 23:01:54,098 - INFO - ('paragraphs:', ['Text to translate from'])
2026-04-22 23:01:54,098 - INFO - ('apply_packaged_translation', 'Text to translate from')
2026-04-22 23:01:54,099 - INFO - ('Splitting sentences using SBD Model: (en) StanzaSentencizer',)
2026-04-22 23:01:55,458 - INFO - ('sentences', ['Text to translate from'])
2026-04-22 23:01:55,497 - INFO - ('tokenized', [['▁Text', '▁to', '▁translate', '▁from']])
2026-04-22 23:01:55,537 - INFO - ('translated_batches', [TranslationResult(hypotheses=[['▁Văn', '▁bản', '▁cần', '▁dịch', '▁từ']], scores=[-1.082147479057312], attention=[], logits=[])])
2026-04-22 23:01:55,537 - INFO - ('value_hypotheses:', [('Văn bản cần dịch từ', -1.082147479057312)])
2026-04-22 23:01:55,537 - INFO - ('translated_paragraphs:', [[('Văn bản cần dịch từ', -1.082147479057312)]])
2026-04-22 23:01:55,537 - INFO - ('hypotheses_to_return:', [('Văn bản cần dịch từ', -1.082147479057312)])
2026-04-22 23:03:34,504 - INFO - ('get_installed_languages',)
2026-04-22 23:03:34,505 - INFO - ('Translating from English to Vietnamese: Text to translate from',)
2026-04-22 23:03:34,505 - INFO - ('Translating from English to English: Text to translate from',)
2026-04-22 23:03:34,505 - INFO - ('Translating from English to Vietnamese: Text to translate from',)
2026-04-22 23:03:34,505 - INFO - ('Translating from English to Vietnamese: Text to translate from',)
2026-04-22 23:03:35,255 - INFO - ('paragraphs:', ['Text to translate from'])
2026-04-22 23:03:35,255 - INFO - ('apply_packaged_translation', 'Text to translate from')
2026-04-22 23:03:35,255 - INFO - ('Splitting sentences using SBD Model: (en) StanzaSentencizer',)
2026-04-22 23:03:37,218 - INFO - ('sentences', ['Text to translate from'])
2026-04-22 23:03:37,267 - INFO - ('tokenized', [['▁Text', '▁to', '▁translate', '▁from']])
2026-04-22 23:03:37,308 - INFO - ('translated_batches', [TranslationResult(hypotheses=[['▁Văn', '▁bản', '▁cần', '▁dịch', '▁từ']], scores=[-1.082147479057312], attention=[], logits=[])])
2026-04-22 23:03:37,309 - INFO - ('value_hypotheses:', [('Văn bản cần dịch từ', -1.082147479057312)])
2026-04-22 23:03:37,309 - INFO - ('translated_paragraphs:', [[('Văn bản cần dịch từ', -1.082147479057312)]])
2026-04-22 23:03:37,309 - INFO - ('hypotheses_to_return:', [('Văn bản cần dịch từ', -1.082147479057312)])
2026-04-22 23:08:07,230 - INFO - ('get_installed_languages',)
2026-04-22 23:08:07,240 - INFO - ('Translating from English to Vietnamese: Text to translate from',)
2026-04-22 23:08:07,241 - INFO - ('Translating from English to English: Text to translate from',)
2026-04-22 23:08:07,242 - INFO - ('Translating from English to Vietnamese: Text to translate from',)
2026-04-22 23:08:07,242 - INFO - ('Translating from English to Vietnamese: Text to translate from',)
2026-04-22 23:08:08,569 - INFO - ('paragraphs:', ['Text to translate from'])
2026-04-22 23:08:08,571 - INFO - ('apply_packaged_translation', 'Text to translate from')
2026-04-22 23:08:08,571 - INFO - ('Splitting sentences using SBD Model: (en) StanzaSentencizer',)
2026-04-22 23:08:11,689 - INFO - ('sentences', ['Text to translate from'])
2026-04-22 23:08:11,742 - INFO - ('tokenized', [['▁Text', '▁to', '▁translate', '▁from']])
2026-04-22 23:08:11,814 - INFO - ('translated_batches', [TranslationResult(hypotheses=[['▁Văn', '▁bản', '▁cần', '▁dịch', '▁từ']], scores=[-1.082147479057312], attention=[], logits=[])])
2026-04-22 23:08:11,814 - INFO - ('value_hypotheses:', [('Văn bản cần dịch từ', -1.082147479057312)])
2026-04-22 23:08:11,814 - INFO - ('translated_paragraphs:', [[('Văn bản cần dịch từ', -1.082147479057312)]])
2026-04-22 23:08:11,815 - INFO - ('hypotheses_to_return:', [('Văn bản cần dịch từ', -1.082147479057312)])
2026-04-22 23:13:41,888 - INFO - ('Translating from Vietnamese to Vietnamese: Text to translate from',)
2026-04-22 23:13:41,913 - INFO - ('Translating from Vietnamese to English: Text to translate from',)
2026-04-22 23:13:42,324 - INFO - ('paragraphs:', ['Text to translate from'])
2026-04-22 23:13:42,335 - INFO - ('apply_packaged_translation', 'Text to translate from')
2026-04-22 23:13:42,338 - INFO - ('Splitting sentences using SBD Model: (vi) StanzaSentencizer',)
2026-04-22 23:56:58,230 - INFO - ('get_installed_languages',)
2026-04-22 23:56:58,235 - INFO - ('Translating from English to Vietnamese: Text to translate from',)
2026-04-22 23:56:58,236 - INFO - ('Translating from English to English: Text to translate from',)
2026-04-22 23:56:58,236 - INFO - ('Translating from English to Vietnamese: Text to translate from',)
2026-04-22 23:56:58,236 - INFO - ('Translating from English to Vietnamese: Text to translate from',)
2026-04-22 23:56:59,264 - INFO - ('paragraphs:', ['Text to translate from'])
2026-04-22 23:56:59,265 - INFO - ('apply_packaged_translation', 'Text to translate from')
2026-04-22 23:56:59,265 - INFO - ('Splitting sentences using SBD Model: (en) StanzaSentencizer',)
2026-04-22 23:57:48,515 - INFO - ('get_installed_languages',)
2026-04-22 23:57:48,519 - INFO - ('Translating from English to Vietnamese: Text to translate from',)
2026-04-22 23:57:48,519 - INFO - ('Translating from English to English: Text to translate from',)
2026-04-22 23:57:48,519 - INFO - ('Translating from English to Vietnamese: Text to translate from',)
2026-04-22 23:57:48,520 - INFO - ('Translating from English to Vietnamese: Text to translate from',)
2026-04-22 23:57:54,276 - INFO - ('paragraphs:', ['Text to translate from'])
2026-04-22 23:57:54,276 - INFO - ('apply_packaged_translation', 'Text to translate from')
2026-04-22 23:57:54,276 - INFO - ('Splitting sentences using SBD Model: (en) StanzaSentencizer',)
2026-04-23 00:00:10,176 - INFO - ('get_installed_languages',)
2026-04-23 00:00:10,180 - INFO - ('Translating from English to Vietnamese: Text to translate from',)
2026-04-23 00:00:10,181 - INFO - ('Translating from English to English: Text to translate from',)
2026-04-23 00:00:10,182 - INFO - ('Translating from English to Vietnamese: Text to translate from',)
2026-04-23 00:00:10,182 - INFO - ('Translating from English to Vietnamese: Text to translate from',)
2026-04-23 00:00:11,212 - INFO - ('paragraphs:', ['Text to translate from'])
2026-04-23 00:00:11,212 - INFO - ('apply_packaged_translation', 'Text to translate from')
2026-04-23 00:00:11,212 - INFO - ('Splitting sentences using SBD Model: (en) StanzaSentencizer',)
2026-04-23 00:08:41,436 - INFO - ('get_installed_languages',)
2026-04-23 00:08:41,439 - INFO - ('Translating from English to Vietnamese: Text to translate from',)
2026-04-23 00:08:41,439 - INFO - ('Translating from English to English: Text to translate from',)
2026-04-23 00:08:41,439 - INFO - ('Translating from English to Vietnamese: Text to translate from',)
2026-04-23 00:08:41,439 - INFO - ('Translating from English to Vietnamese: Text to translate from',)
2026-04-23 00:08:42,251 - INFO - ('paragraphs:', ['Text to translate from'])
2026-04-23 00:08:42,252 - INFO - ('apply_packaged_translation', 'Text to translate from')
2026-04-23 00:08:42,252 - INFO - ('Splitting sentences using SBD Model: (en) StanzaSentencizer',)
2026-04-23 00:09:32,657 - INFO - ('get_installed_languages',)
2026-04-23 00:09:32,660 - INFO - ('Translating from English to Vietnamese: Text to translate from',)
2026-04-23 00:09:32,661 - INFO - ('Translating from English to English: Text to translate from',)
2026-04-23 00:09:32,661 - INFO - ('Translating from English to Vietnamese: Text to translate from',)
2026-04-23 00:09:32,661 - INFO - ('Translating from English to Vietnamese: Text to translate from',)
2026-04-23 00:09:33,386 - INFO - ('paragraphs:', ['Text to translate from'])
2026-04-23 00:09:33,387 - INFO - ('apply_packaged_translation', 'Text to translate from')
2026-04-23 00:09:33,387 - INFO - ('Splitting sentences using SBD Model: (en) StanzaSentencizer',)
2026-04-23 00:09:36,118 - INFO - ('sentences', ['Text to translate from'])
2026-04-23 00:09:36,175 - INFO - ('tokenized', [['▁Text', '▁to', '▁translate', '▁from']])
2026-04-23 00:09:36,239 - INFO - ('translated_batches', [TranslationResult(hypotheses=[['▁Văn', '▁bản', '▁cần', '▁dịch', '▁từ']], scores=[-1.082147479057312], attention=[], logits=[])])
2026-04-23 00:09:36,239 - INFO - ('value_hypotheses:', [('Văn bản cần dịch từ', -1.082147479057312)])
2026-04-23 00:09:36,239 - INFO - ('translated_paragraphs:', [[('Văn bản cần dịch từ', -1.082147479057312)]])
2026-04-23 00:09:36,239 - INFO - ('hypotheses_to_return:', [('Văn bản cần dịch từ', -1.082147479057312)])
2026-04-23 00:10:21,761 - INFO - ('Translating from Vietnamese to Vietnamese: Text to translate from',)
2026-04-23 00:10:21,762 - INFO - ('Translating from Vietnamese to English: Text to translate from',)
2026-04-23 00:10:21,977 - INFO - ('paragraphs:', ['Text to translate from'])
2026-04-23 00:10:21,978 - INFO - ('apply_packaged_translation', 'Text to translate from')
2026-04-23 00:10:21,978 - INFO - ('Splitting sentences using SBD Model: (vi) StanzaSentencizer',)
2026-04-23 00:10:48,935 - INFO - ('get_installed_languages',)
2026-04-23 00:10:48,938 - INFO - ('Translating from English to Vietnamese: Text to translate from',)
2026-04-23 00:10:48,939 - INFO - ('Translating from English to English: Text to translate from',)
2026-04-23 00:10:48,939 - INFO - ('Translating from English to Vietnamese: Text to translate from',)
2026-04-23 00:10:48,940 - INFO - ('Translating from English to Vietnamese: Text to translate from',)
2026-04-23 00:10:49,773 - INFO - ('paragraphs:', ['Text to translate from'])
2026-04-23 00:10:49,774 - INFO - ('apply_packaged_translation', 'Text to translate from')
2026-04-23 00:10:49,774 - INFO - ('Splitting sentences using SBD Model: (en) StanzaSentencizer',)
2026-04-23 00:20:13,509 - INFO - ('get_installed_languages',)
2026-04-23 00:20:13,518 - INFO - ('Translating from English to Vietnamese: Text to translate from',)
2026-04-23 00:20:13,522 - INFO - ('Translating from English to English: Text to translate from',)
2026-04-23 00:20:13,522 - INFO - ('Translating from English to Vietnamese: Text to translate from',)
2026-04-23 00:20:13,526 - INFO - ('Translating from English to Vietnamese: Text to translate from',)
2026-04-23 00:20:14,781 - INFO - ('paragraphs:', ['Text to translate from'])
2026-04-23 00:20:14,781 - INFO - ('apply_packaged_translation', 'Text to translate from')
2026-04-23 00:20:14,782 - INFO - ('Splitting sentences using SBD Model: (en) StanzaSentencizer',)
2026-04-23 00:30:07,270 - INFO - ('get_installed_languages',)
2026-04-23 00:30:07,276 - INFO - ('Translating from English to Vietnamese: Text to translate from',)
2026-04-23 00:30:07,277 - INFO - ('Translating from English to English: Text to translate from',)
2026-04-23 00:30:07,277 - INFO - ('Translating from English to Vietnamese: Text to translate from',)
2026-04-23 00:30:07,278 - INFO - ('Translating from English to Vietnamese: Text to translate from',)
2026-04-23 00:30:08,179 - INFO - ('paragraphs:', ['Text to translate from'])
2026-04-23 00:30:08,180 - INFO - ('apply_packaged_translation', 'Text to translate from')
2026-04-23 00:30:08,180 - INFO - ('Splitting sentences using SBD Model: (en) StanzaSentencizer',)
2026-04-23 00:30:11,177 - INFO - ('sentences', ['Text to translate from'])
2026-04-23 00:30:11,236 - INFO - ('tokenized', [['▁Text', '▁to', '▁translate', '▁from']])
2026-04-23 00:30:11,294 - INFO - ('translated_batches', [TranslationResult(hypotheses=[['▁Văn', '▁bản', '▁cần', '▁dịch', '▁từ']], scores=[-1.082147479057312], attention=[], logits=[])])
2026-04-23 00:30:11,295 - INFO - ('value_hypotheses:', [('Văn bản cần dịch từ', -1.082147479057312)])
2026-04-23 00:30:11,296 - INFO - ('translated_paragraphs:', [[('Văn bản cần dịch từ', -1.082147479057312)]])
2026-04-23 00:30:11,296 - INFO - ('hypotheses_to_return:', [('Văn bản cần dịch từ', -1.082147479057312)])
2026-04-23 01:34:35,351 - INFO - ('get_installed_languages',)
2026-04-23 01:34:35,355 - INFO - ('Translating from English to Vietnamese: Text to translate from',)
2026-04-23 01:34:35,356 - INFO - ('Translating from English to English: Text to translate from',)
2026-04-23 01:34:35,356 - INFO - ('Translating from English to Vietnamese: Text to translate from',)
2026-04-23 01:34:35,356 - INFO - ('Translating from English to Vietnamese: Text to translate from',)
2026-04-23 01:34:36,234 - INFO - ('paragraphs:', ['Text to translate from'])
2026-04-23 01:34:36,235 - INFO - ('apply_packaged_translation', 'Text to translate from')
2026-04-23 01:34:36,235 - INFO - ('Splitting sentences using SBD Model: (en) StanzaSentencizer',)
2026-04-23 01:34:38,569 - INFO - ('sentences', ['Text to translate from'])
2026-04-23 01:34:38,610 - INFO - ('tokenized', [['▁Text', '▁to', '▁translate', '▁from']])
2026-04-23 01:34:38,661 - INFO - ('translated_batches', [TranslationResult(hypotheses=[['▁Văn', '▁bản', '▁cần', '▁dịch', '▁từ']], scores=[-1.082147479057312], attention=[], logits=[])])
2026-04-23 01:34:38,661 - INFO - ('value_hypotheses:', [('Văn bản cần dịch từ', -1.082147479057312)])
2026-04-23 01:34:38,661 - INFO - ('translated_paragraphs:', [[('Văn bản cần dịch từ', -1.082147479057312)]])
2026-04-23 01:34:38,661 - INFO - ('hypotheses_to_return:', [('Văn bản cần dịch từ', -1.082147479057312)])
2026-04-23 01:35:17,839 - INFO - ('Translating from Vietnamese to Vietnamese: Text to translate from',)
2026-04-23 01:35:17,840 - INFO - ('Translating from Vietnamese to English: Text to translate from',)
2026-04-23 01:35:18,036 - INFO - ('paragraphs:', ['Text to translate from'])
2026-04-23 01:35:18,036 - INFO - ('apply_packaged_translation', 'Text to translate from')
2026-04-23 01:35:18,036 - INFO - ('Splitting sentences using SBD Model: (vi) StanzaSentencizer',)
2026-04-23 01:35:30,893 - INFO - ('get_installed_languages',)
2026-04-23 01:35:30,894 - INFO - ('Translating from English to Vietnamese: Text to translate from',)
2026-04-23 01:35:30,894 - INFO - ('Translating from English to English: Text to translate from',)
2026-04-23 01:35:30,894 - INFO - ('Translating from English to Vietnamese: Text to translate from',)
2026-04-23 01:35:30,894 - INFO - ('Translating from English to Vietnamese: Text to translate from',)
2026-04-23 01:35:31,499 - INFO - ('paragraphs:', ['Text to translate from'])
2026-04-23 01:35:31,500 - INFO - ('apply_packaged_translation', 'Text to translate from')
2026-04-23 01:35:31,500 - INFO - ('Splitting sentences using SBD Model: (en) StanzaSentencizer',)
2026-04-23 01:35:33,280 - INFO - ('sentences', ['Text to translate from'])
2026-04-23 01:35:33,318 - INFO - ('tokenized', [['▁Text', '▁to', '▁translate', '▁from']])
2026-04-23 01:35:33,365 - INFO - ('translated_batches', [TranslationResult(hypotheses=[['▁Văn', '▁bản', '▁cần', '▁dịch', '▁từ']], scores=[-1.082147479057312], attention=[], logits=[])])
2026-04-23 01:35:33,365 - INFO - ('value_hypotheses:', [('Văn bản cần dịch từ', -1.082147479057312)])
2026-04-23 01:35:33,365 - INFO - ('translated_paragraphs:', [[('Văn bản cần dịch từ', -1.082147479057312)]])
2026-04-23 01:35:33,365 - INFO - ('hypotheses_to_return:', [('Văn bản cần dịch từ', -1.082147479057312)])
2026-04-23 01:36:30,001 - INFO - ('Translating from Vietnamese to Vietnamese: Text to translate from',)
2026-04-23 01:36:33,525 - INFO - ('Translating from Vietnamese to English: Text to translate from',)
2026-04-23 01:36:33,699 - INFO - ('paragraphs:', ['Text to translate from'])
2026-04-23 01:36:33,699 - INFO - ('apply_packaged_translation', 'Text to translate from')
2026-04-23 01:36:33,699 - INFO - ('Splitting sentences using SBD Model: (vi) StanzaSentencizer',)
2026-04-23 01:36:55,638 - INFO - ('get_installed_languages',)
2026-04-23 01:36:55,639 - INFO - ('Translating from English to Vietnamese: Text to translate from',)
2026-04-23 01:36:55,639 - INFO - ('Translating from English to English: Text to translate from',)
2026-04-23 01:36:55,639 - INFO - ('Translating from English to Vietnamese: Text to translate from',)
2026-04-23 01:36:55,640 - INFO - ('Translating from English to Vietnamese: Text to translate from',)
2026-04-23 01:36:56,216 - INFO - ('paragraphs:', ['Text to translate from'])
2026-04-23 01:36:56,217 - INFO - ('apply_packaged_translation', 'Text to translate from')
2026-04-23 01:36:56,217 - INFO - ('Splitting sentences using SBD Model: (en) StanzaSentencizer',)
2026-04-23 01:37:00,958 - INFO - ('sentences', ['Text to translate from'])
2026-04-23 01:37:01,028 - INFO - ('tokenized', [['▁Text', '▁to', '▁translate', '▁from']])
2026-04-23 01:37:01,099 - INFO - ('translated_batches', [TranslationResult(hypotheses=[['▁Văn', '▁bản', '▁cần', '▁dịch', '▁từ']], scores=[-1.082147479057312], attention=[], logits=[])])
2026-04-23 01:37:01,100 - INFO - ('value_hypotheses:', [('Văn bản cần dịch từ', -1.082147479057312)])
2026-04-23 01:37:01,100 - INFO - ('translated_paragraphs:', [[('Văn bản cần dịch từ', -1.082147479057312)]])
2026-04-23 01:37:01,100 - INFO - ('hypotheses_to_return:', [('Văn bản cần dịch từ', -1.082147479057312)])
2026-04-23 01:37:39,379 - INFO - ('Translating from English to Vietnamese: The Importance of Learning English in Today’s World\nIn the modern era, English has become more than just a language; it is a global tool for communication, education, and professional success. With over 1.5 billion people speaking English worldwide, it serves as a bridge connecting cultures, economies, and ideas. For students, mastering English opens doors to international scholarships, access to scientific research, and opportunities to study abroad. For professionals, it provides a competitive edge in multinational companies where English is often the working language. Beyond academics and careers, English also enriches personal life by allowing individuals to enjoy literature, films, and music from around the world. In tourism, English acts as a universal medium, helping travelers navigate foreign countries with ease. Moreover, in the digital age, most online content is produced in English, making it essential for anyone who wants to stay informed and connected. While learning English can be challenging, the rewards are immense. It requires patience, practice, and persistence, but the effort pays off in countless ways. Ultimately, English is not just a language; it is a passport to global citizenship. By learning it, individuals gain access to knowledge, opportunities, and friendships that transcend borders. In this interconnected world, English is the key to unlocking both personal growth and collective progress.\n',)
2026-04-23 01:37:39,380 - INFO - ('paragraphs:', ['The Importance of Learning English in Today’s World'])
2026-04-23 01:37:39,380 - INFO - ('apply_packaged_translation', 'The Importance of Learning English in Today’s World')
2026-04-23 01:37:39,380 - INFO - ('Splitting sentences using SBD Model: (en) StanzaSentencizer',)
2026-04-23 01:37:39,432 - INFO - ('sentences', ['The Importance of Learning English in Today’s World'])
2026-04-23 01:37:39,432 - INFO - ('tokenized', [['▁The', '▁Import', 'ance', '▁of', '▁Learning', '▁English', '▁in', '▁Today', '’', 's', '▁World']])
2026-04-23 01:37:39,503 - INFO - ('translated_batches', [TranslationResult(hypotheses=[['▁Tầm', '▁quan', '▁trọng', '▁của', '▁việc', '▁học', '▁tiếng', '▁Anh', '▁trong', '▁thế', '▁gian', '▁ngày', '▁nay']], scores=[-1.397341012954712], attention=[], logits=[])])
2026-04-23 01:37:39,504 - INFO - ('value_hypotheses:', [('Tầm quan trọng của việc học tiếng Anh trong thế gian ngày nay', -1.397341012954712)])
2026-04-23 01:37:39,504 - INFO - ('translated_paragraphs:', [[('Tầm quan trọng của việc học tiếng Anh trong thế gian ngày nay', -1.397341012954712)]])
2026-04-23 01:37:39,504 - INFO - ('hypotheses_to_return:', [('Tầm quan trọng của việc học tiếng Anh trong thế gian ngày nay', -1.397341012954712)])
2026-04-23 01:37:39,504 - INFO - ('paragraphs:', ['In the modern era, English has become more than just a language; it is a global tool for communication, education, and professional success. With over 1.5 billion people speaking English worldwide, it serves as a bridge connecting cultures, economies, and ideas. For students, mastering English opens doors to international scholarships, access to scientific research, and opportunities to study abroad. For professionals, it provides a competitive edge in multinational companies where English is often the working language. Beyond academics and careers, English also enriches personal life by allowing individuals to enjoy literature, films, and music from around the world. In tourism, English acts as a universal medium, helping travelers navigate foreign countries with ease. Moreover, in the digital age, most online content is produced in English, making it essential for anyone who wants to stay informed and connected. While learning English can be challenging, the rewards are immense. It requires patience, practice, and persistence, but the effort pays off in countless ways. Ultimately, English is not just a language; it is a passport to global citizenship. By learning it, individuals gain access to knowledge, opportunities, and friendships that transcend borders. In this interconnected world, English is the key to unlocking both personal growth and collective progress.'])
2026-04-23 01:37:39,504 - INFO - ('apply_packaged_translation', 'In the modern era, English has become more than just a language; it is a global tool for communication, education, and professional success. With over 1.5 billion people speaking English worldwide, it serves as a bridge connecting cultures, economies, and ideas. For students, mastering English opens doors to international scholarships, access to scientific research, and opportunities to study abroad. For professionals, it provides a competitive edge in multinational companies where English is often the working language. Beyond academics and careers, English also enriches personal life by allowing individuals to enjoy literature, films, and music from around the world. In tourism, English acts as a universal medium, helping travelers navigate foreign countries with ease. Moreover, in the digital age, most online content is produced in English, making it essential for anyone who wants to stay informed and connected. While learning English can be challenging, the rewards are immense. It requires patience, practice, and persistence, but the effort pays off in countless ways. Ultimately, English is not just a language; it is a passport to global citizenship. By learning it, individuals gain access to knowledge, opportunities, and friendships that transcend borders. In this interconnected world, English is the key to unlocking both personal growth and collective progress.')
2026-04-23 01:37:39,504 - INFO - ('Splitting sentences using SBD Model: (en) StanzaSentencizer',)
2026-04-23 01:37:39,538 - INFO - ('sentences', ['In the modern era, English has become more than just a language; it is a global tool for communication, education, and professional success.', 'With over 1.5 billion people speaking English worldwide, it serves as a bridge connecting cultures, economies, and ideas.', 'For students, mastering English opens doors to international scholarships, access to scientific research, and opportunities to study abroad.', 'For professionals, it provides a competitive edge in multinational companies where English is often the working language.', 'Beyond academics and careers, English also enriches personal life by allowing individuals to enjoy literature, films, and music from around the world.', 'In tourism, English acts as a universal medium, helping travelers navigate foreign countries with ease.', 'Moreover, in the digital age, most online content is produced in English, making it essential for anyone who wants to stay informed and connected.', 'While learning English can be challenging, the rewards are immense.', 'It requires patience, practice, and persistence, but the effort pays off in countless ways.', 'Ultimately, English is not just a language; it is a passport to global citizenship.', 'By learning it, individuals gain access to knowledge, opportunities, and friendships that transcend borders.', 'In this interconnected world, English is the key to unlocking both personal growth and collective progress.'])
2026-04-23 01:37:39,538 - INFO - ('tokenized', [['▁In', '▁the', '▁modern', '▁era', ',', '▁English', '▁has', '▁become', '▁more', '▁than', '▁just', '▁a', '▁language', ';', '▁it', '▁is', '▁a', '▁global', '▁tool', '▁for', '▁communication', ',', '▁education', ',', '▁and', '▁professional', '▁success', '.'], ['▁With', '▁over', '▁1.5', '▁billion', '▁people', '▁speaking', '▁English', '▁worldwide', ',', '▁it', '▁serves', '▁as', '▁a', '▁bridge', '▁connecting', '▁cultures', ',', '▁economies', ',', '▁and', '▁ideas', '.'], ['▁For', '▁students', ',', '▁master', 'ing', '▁English', '▁opens', '▁doors', '▁to', '▁international', '▁scholarship', 's', ',', '▁access', '▁to', '▁scientific', '▁research', ',', '▁and', '▁opportunities', '▁to', '▁study', '▁abroad', '.'], ['▁For', '▁professionals', ',', '▁it', '▁provides', '▁a', '▁competitive', '▁edge', '▁in', '▁multinational', '▁companies', '▁where', '▁English', '▁is', '▁often', '▁the', '▁working', '▁language', '.'], ['▁Beyond', '▁academic', 's', '▁and', '▁career', 's', ',', '▁English', '▁also', '▁enrich', 'es', '▁personal', '▁life', '▁by', '▁allowing', '▁individuals', '▁to', '▁enjoy', '▁literature', ',', '▁films', ',', '▁and', '▁music', '▁from', '▁around', '▁the', '▁world', '.'], ['▁In', '▁tour', 'ism', ',', '▁English', '▁acts', '▁as', '▁a', '▁universal', '▁medium', ',', '▁helping', '▁travelers', '▁navigate', '▁foreign', '▁countries', '▁with', '▁ease', '.'], ['▁Moreover', ',', '▁in', '▁the', '▁digital', '▁age', ',', '▁most', '▁online', '▁content', '▁is', '▁produced', '▁in', '▁English', ',', '▁making', '▁it', '▁essential', '▁for', '▁anyone', '▁who', '▁wants', '▁to', '▁stay', '▁informed', '▁and', '▁connected', '.'], ['▁While', '▁learning', '▁English', '▁can', '▁be', '▁challenging', ',', '▁the', '▁rewards', '▁are', '▁immense', '.'], ['▁It', '▁requires', '▁patience', ',', '▁practice', ',', '▁and', '▁persistence', ',', '▁but', '▁the', '▁effort', '▁pays', '▁off', '▁in', '▁countless', '▁ways', '.'], ['▁Ultimately', ',', '▁English', '▁is', '▁not', '▁just', '▁a', '▁language', ';', '▁it', '▁is', '▁a', '▁passport', '▁to', '▁global', '▁citizenship', '.'], ['▁By', '▁learning', '▁it', ',', '▁individuals', '▁gain', '▁access', '▁to', '▁knowledge', ',', '▁opportunities', ',', '▁and', '▁friendships', '▁that', '▁transcend', '▁borders', '.'], ['▁In', '▁this', '▁interconnected', '▁world', ',', '▁English', '▁is', '▁the', '▁key', '▁to', '▁unlock', 'ing', '▁both', '▁personal', '▁growth', '▁and', '▁collective', '▁progress', '.']])
2026-04-23 01:37:41,580 - INFO - ('translated_batches', [TranslationResult(hypotheses=[['▁Trong', '▁thời', '▁hiện', '▁đại', ',', '▁tiếng', '▁Anh', '▁không', '▁chỉ', '▁trở', '▁thành', '▁một', '▁ngôn', '▁ngữ', '▁mà', '▁còn', '▁là', '▁một', '▁công', '▁cụ', '▁toàn', '▁cầu', '▁để', '▁giao', '▁tiếp', ',', '▁giáo', '▁dục', '▁và', '▁thành', '▁công', '▁trong', '▁nghề', '▁nghiệp', '.']], scores=[-5.253635406494141], attention=[], logits=[]), TranslationResult(hypotheses=[['▁Với', '▁hơn', '▁1,5', '▁tỉ', '▁người', '▁nói', '▁tiếng', '▁Anh', '▁trên', '▁khắp', '▁thế', '▁giới', ',', '▁nó', '▁là', '▁một', '▁cầu', '▁nối', '▁văn', '▁hóa', ',', '▁kinh', '▁tế', '▁và', '▁ý', '▁tưởng', '.']], scores=[-5.259525299072266], attention=[], logits=[]), TranslationResult(hypotheses=[['▁Đối', '▁với', '▁các', '▁sinh', '▁viên', ',', '▁việc', '▁nắm', '▁vững', '▁tiếng', '▁Anh', '▁mở', '▁đường', '▁cho', '▁các', '▁học', '▁bổng', '▁quốc', '▁tế', ',', '▁việc', '▁nghiên', '▁cứu', '▁khoa', '▁học', '▁và', '▁cơ', '▁hội', '▁học', '▁ở', '▁nước', '▁ngoài', '.']], scores=[-7.81965446472168], attention=[], logits=[]), TranslationResult(hypotheses=[['▁Đối', '▁với', '▁các', '▁chuyên', '▁gia', ',', '▁nó', '▁tạo', '▁một', '▁lợi', '▁thế', '▁cạnh', '▁tranh', '▁trong', '▁các', '▁công', '▁ty', '▁đa', '▁quốc', '▁gia', '▁nơi', '▁tiếng', '▁Anh', '▁thường', '▁là', '▁ngôn', '▁ngữ', '▁hoạt', '▁động', '.']], scores=[-7.112753868103027], attention=[], logits=[]), TranslationResult(hypotheses=[['▁Ngoài', '▁các', '▁học', '▁giả', '▁và', '▁nghề', '▁nghiệp', ',', '▁tiếng', '▁Anh', '▁cũng', '▁làm', '▁phong', '▁phú', '▁đời', '▁sống', '▁cá', '▁nhân', '▁bằng', '▁cách', '▁cho', '▁phép', '▁người', '▁ta', '▁thưởng', '▁thức', '▁sách', '▁báo', ',', '▁phim', '▁ảnh', '▁và', '▁âm', '▁nhạc', '▁trên', '▁khắp', '▁thế', '▁giới', '.']], scores=[-5.9910454750061035], attention=[], logits=[]), TranslationResult(hypotheses=[['▁Trong', '▁du', '▁lịch', ',', '▁tiếng', '▁Anh', '▁đóng', '▁vai', '▁trò', '▁như', '▁một', '▁phương', '▁tiện', '▁truyền', '▁thông', '▁phổ', '▁thông', ',', '▁giúp', '▁du', '▁khách', '▁dễ', '▁dàng', '▁định', '▁hướng', '▁nước', '▁ngoài', '.']], scores=[-5.631235599517822], attention=[], logits=[]), TranslationResult(hypotheses=[['▁Hơn', '▁nữa', ',', '▁trong', '▁thời', '▁đại', '▁kỹ', '▁thuật', '▁số', ',', '▁hầu', '▁hết', '▁nội', '▁dung', '▁trực', '▁tuyến', '▁được', '▁sản', '▁xuất', '▁bằng', '▁tiếng', '▁Anh', ',', '▁làm', '▁cho', '▁nó', '▁cần', '▁thiết', '▁cho', '▁bất', '▁cứ', '▁ai', '▁muốn', '▁tiếp', '▁tục', '▁thông', '▁tin', '▁và', '▁kết', '▁nối', '.']], scores=[-7.365685939788818], attention=[], logits=[]), TranslationResult(hypotheses=[['▁Dù', '▁việc', '▁học', '▁tiếng', '▁Anh', '▁có', '▁thể', '▁khó', '▁khăn', ',', '▁nhưng', '▁phần', '▁thưởng', '▁thì', '▁vô', '▁cùng', '▁lớn', '.']], scores=[-4.535055637359619], attention=[], logits=[]), TranslationResult(hypotheses=[['▁Điều', '▁này', '▁đòi', '▁hỏi', '▁sự', '▁kiên', '▁nhẫn', ',', '▁tập', '▁luyện', '▁và', '▁kiên', '▁trì', ',', '▁nhưng', '▁sự', '▁cố', '▁gắng', '▁đó', '▁mang', '▁lại', '▁nhiều', '▁lợi', '▁ích', '.']], scores=[-6.985523700714111], attention=[], logits=[]), TranslationResult(hypotheses=[['▁Cuối', '▁cùng', ',', '▁tiếng', '▁Anh', '▁không', '▁chỉ', '▁là', '▁một', '▁ngôn', '▁ngữ', '▁mà', '▁còn', '▁là', '▁một', '▁hộ', '▁chiếu', '▁cho', '▁công', '▁dân', '▁toàn', '▁cầu', '.']], scores=[-4.126187324523926], attention=[], logits=[]), TranslationResult(hypotheses=[['▁Bằng', '▁cách', '▁học', '▁hỏi', '▁Kinh', '▁-', '▁thánh', ',', '▁mỗi', '▁cá', '▁nhân', '▁có', '▁được', '▁sự', '▁hiểu', '▁biết', ',', '▁cơ', '▁hội', '▁và', '▁tình', '▁bạn', '▁vượt', '▁quá', '▁giới', '▁hạn', '.']], scores=[-5.83754301071167], attention=[], logits=[]), TranslationResult(hypotheses=[['▁Trong', '▁thế', '▁giới', '▁liên', '▁kết', '▁này', ',', '▁tiếng', '▁Anh', '▁là', '▁chìa', '▁khóa', '▁để', '▁mở', '▁khóa', '▁cho', '▁sự', '▁phát', '▁triển', '▁cá', '▁nhân', '▁và', '▁sự', '▁tiến', '▁bộ', '▁tập', '▁thể', '.']], scores=[-4.84733247756958], attention=[], logits=[])])
2026-04-23 01:37:41,580 - INFO - ('value_hypotheses:', [('Trong thời hiện đại, tiếng Anh không chỉ trở thành một ngôn ngữ mà còn là một công cụ toàn cầu để giao tiếp, giáo dục và thành công trong nghề nghiệp. Với hơn 1,5 tỉ người nói tiếng Anh trên khắp thế giới, nó là một cầu nối văn hóa, kinh tế và ý tưởng. Đối với các sinh viên, việc nắm vững tiếng Anh mở đường cho các học bổng quốc tế, việc nghiên cứu khoa học và cơ hội học ở nước ngoài. Đối với các chuyên gia, nó tạo một lợi thế cạnh tranh trong các công ty đa quốc gia nơi tiếng Anh thường là ngôn ngữ hoạt động. Ngoài các học giả và nghề nghiệp, tiếng Anh cũng làm phong phú đời sống cá nhân bằng cách cho phép người ta thưởng thức sách báo, phim ảnh và âm nhạc trên khắp thế giới. Trong du lịch, tiếng Anh đóng vai trò như một phương tiện truyền thông phổ thông, giúp du khách dễ dàng định hướng nước ngoài. Hơn nữa, trong thời đại kỹ thuật số, hầu hết nội dung trực tuyến được sản xuất bằng tiếng Anh, làm cho nó cần thiết cho bất cứ ai muốn tiếp tục thông tin và kết nối. Dù việc học tiếng Anh có thể khó khăn, nhưng phần thưởng thì vô cùng lớn. Điều này đòi hỏi sự kiên nhẫn, tập luyện và kiên trì, nhưng sự cố gắng đó mang lại nhiều lợi ích. Cuối cùng, tiếng Anh không chỉ là một ngôn ngữ mà còn là một hộ chiếu cho công dân toàn cầu. Bằng cách học hỏi Kinh - thánh, mỗi cá nhân có được sự hiểu biết, cơ hội và tình bạn vượt quá giới hạn. Trong thế giới liên kết này, tiếng Anh là chìa khóa để mở khóa cho sự phát triển cá nhân và sự tiến bộ tập thể.', -70.76517820358276)])
2026-04-23 01:37:41,581 - INFO - ('translated_paragraphs:', [[('Trong thời hiện đại, tiếng Anh không chỉ trở thành một ngôn ngữ mà còn là một công cụ toàn cầu để giao tiếp, giáo dục và thành công trong nghề nghiệp. Với hơn 1,5 tỉ người nói tiếng Anh trên khắp thế giới, nó là một cầu nối văn hóa, kinh tế và ý tưởng. Đối với các sinh viên, việc nắm vững tiếng Anh mở đường cho các học bổng quốc tế, việc nghiên cứu khoa học và cơ hội học ở nước ngoài. Đối với các chuyên gia, nó tạo một lợi thế cạnh tranh trong các công ty đa quốc gia nơi tiếng Anh thường là ngôn ngữ hoạt động. Ngoài các học giả và nghề nghiệp, tiếng Anh cũng làm phong phú đời sống cá nhân bằng cách cho phép người ta thưởng thức sách báo, phim ảnh và âm nhạc trên khắp thế giới. Trong du lịch, tiếng Anh đóng vai trò như một phương tiện truyền thông phổ thông, giúp du khách dễ dàng định hướng nước ngoài. Hơn nữa, trong thời đại kỹ thuật số, hầu hết nội dung trực tuyến được sản xuất bằng tiếng Anh, làm cho nó cần thiết cho bất cứ ai muốn tiếp tục thông tin và kết nối. Dù việc học tiếng Anh có thể khó khăn, nhưng phần thưởng thì vô cùng lớn. Điều này đòi hỏi sự kiên nhẫn, tập luyện và kiên trì, nhưng sự cố gắng đó mang lại nhiều lợi ích. Cuối cùng, tiếng Anh không chỉ là một ngôn ngữ mà còn là một hộ chiếu cho công dân toàn cầu. Bằng cách học hỏi Kinh - thánh, mỗi cá nhân có được sự hiểu biết, cơ hội và tình bạn vượt quá giới hạn. Trong thế giới liên kết này, tiếng Anh là chìa khóa để mở khóa cho sự phát triển cá nhân và sự tiến bộ tập thể.', -70.76517820358276)]])
2026-04-23 01:37:41,581 - INFO - ('hypotheses_to_return:', [('Trong thời hiện đại, tiếng Anh không chỉ trở thành một ngôn ngữ mà còn là một công cụ toàn cầu để giao tiếp, giáo dục và thành công trong nghề nghiệp. Với hơn 1,5 tỉ người nói tiếng Anh trên khắp thế giới, nó là một cầu nối văn hóa, kinh tế và ý tưởng. Đối với các sinh viên, việc nắm vững tiếng Anh mở đường cho các học bổng quốc tế, việc nghiên cứu khoa học và cơ hội học ở nước ngoài. Đối với các chuyên gia, nó tạo một lợi thế cạnh tranh trong các công ty đa quốc gia nơi tiếng Anh thường là ngôn ngữ hoạt động. Ngoài các học giả và nghề nghiệp, tiếng Anh cũng làm phong phú đời sống cá nhân bằng cách cho phép người ta thưởng thức sách báo, phim ảnh và âm nhạc trên khắp thế giới. Trong du lịch, tiếng Anh đóng vai trò như một phương tiện truyền thông phổ thông, giúp du khách dễ dàng định hướng nước ngoài. Hơn nữa, trong thời đại kỹ thuật số, hầu hết nội dung trực tuyến được sản xuất bằng tiếng Anh, làm cho nó cần thiết cho bất cứ ai muốn tiếp tục thông tin và kết nối. Dù việc học tiếng Anh có thể khó khăn, nhưng phần thưởng thì vô cùng lớn. Điều này đòi hỏi sự kiên nhẫn, tập luyện và kiên trì, nhưng sự cố gắng đó mang lại nhiều lợi ích. Cuối cùng, tiếng Anh không chỉ là một ngôn ngữ mà còn là một hộ chiếu cho công dân toàn cầu. Bằng cách học hỏi Kinh - thánh, mỗi cá nhân có được sự hiểu biết, cơ hội và tình bạn vượt quá giới hạn. Trong thế giới liên kết này, tiếng Anh là chìa khóa để mở khóa cho sự phát triển cá nhân và sự tiến bộ tập thể.', -70.76517820358276)])
2026-04-23 01:37:41,581 - INFO - ('paragraphs:', [''])
2026-04-23 01:37:41,581 - INFO - ('apply_packaged_translation', '')
2026-04-23 01:37:41,581 - INFO - ('Splitting sentences using SBD Model: (en) StanzaSentencizer',)
2026-04-23 01:37:41,581 - INFO - ('sentences', [])
2026-04-23 01:37:41,581 - INFO - ('tokenized', [])
2026-04-23 01:37:41,581 - INFO - ('translated_batches', [])
2026-04-23 01:37:41,581 - INFO - ('value_hypotheses:', [('', 0)])
2026-04-23 01:37:41,581 - INFO - ('translated_paragraphs:', [[('', 0)]])
2026-04-23 01:37:41,581 - INFO - ('hypotheses_to_return:', [('', 0)])
2026-04-23 01:39:34,955 - INFO - ('get_installed_languages',)
2026-04-23 01:39:35,182 - INFO - ('paragraphs:', ['Xin chào'])
2026-04-23 01:39:35,182 - INFO - ('apply_packaged_translation', 'Xin chào')
2026-04-23 01:39:35,182 - INFO - ('Splitting sentences using SBD Model: (vi) StanzaSentencizer',)
2026-04-23 01:47:25,767 - INFO - ('get_installed_languages',)
2026-04-23 01:47:25,992 - INFO - ('paragraphs:', ['Xin chào. Hôm nay bạn khỏe không?'])
2026-04-23 01:47:25,992 - INFO - ('apply_packaged_translation', 'Xin chào. Hôm nay bạn khỏe không?')
2026-04-23 01:47:25,992 - INFO - ('Splitting sentences using SBD Model: (vi) StanzaSentencizer',)
2026-04-23 01:51:34,793 - INFO - ('get_installed_languages',)
2026-04-23 01:51:35,003 - INFO - ('paragraphs:', ['Xin chào. Hôm nay bạn khỏe không?'])
2026-04-23 01:51:35,003 - INFO - ('apply_packaged_translation', 'Xin chào. Hôm nay bạn khỏe không?')
2026-04-23 01:51:35,003 - INFO - ('Splitting sentences using SBD Model: (vi) StanzaSentencizer',)
2026-04-23 01:51:35,004 - INFO - ('sentences', ['Xin chào.', 'Hôm nay bạn khỏe không?'])
2026-04-23 01:51:35,048 - INFO - ('tokenized', [['▁Xin', '▁chào', '.'], ['▁Hôm', '▁nay', '▁bạn', '▁khỏe', '▁không', '?']])
2026-04-23 01:51:35,124 - INFO - ('translated_batches', [TranslationResult(hypotheses=[['▁Hello', '.']], scores=[-0.7825454473495483], attention=[], logits=[]), TranslationResult(hypotheses=[['▁How', '▁are', '▁you', '▁today', '?']], scores=[-0.764965295791626], attention=[], logits=[])])
2026-04-23 01:51:35,124 - INFO - ('value_hypotheses:', [('Hello. How are you today?', -1.5475107431411743)])
2026-04-23 01:51:35,125 - INFO - ('translated_paragraphs:', [[('Hello. How are you today?', -1.5475107431411743)]])
2026-04-23 01:51:35,125 - INFO - ('hypotheses_to_return:', [('Hello. How are you today?', -1.5475107431411743)])
2026-04-23 02:05:43,607 - INFO - ('get_installed_languages',)
2026-04-23 02:05:43,612 - INFO - ('Translating from English to Vietnamese: Text to translate from',)
2026-04-23 02:05:43,612 - INFO - ('Translating from English to English: Text to translate from',)
2026-04-23 02:05:43,612 - INFO - ('Translating from English to Vietnamese: Text to translate from',)
2026-04-23 02:05:43,613 - INFO - ('Translating from English to Vietnamese: Text to translate from',)
2026-04-23 02:05:44,492 - INFO - ('paragraphs:', ['Text to translate from'])
2026-04-23 02:05:44,493 - INFO - ('apply_packaged_translation', 'Text to translate from')
2026-04-23 02:05:44,493 - INFO - ('sentences', ['Text to translate from'])
2026-04-23 02:05:44,549 - INFO - ('tokenized', [['▁Text', '▁to', '▁translate', '▁from']])
2026-04-23 02:05:44,628 - INFO - ('translated_batches', [TranslationResult(hypotheses=[['▁Văn', '▁bản', '▁cần', '▁dịch', '▁từ']], scores=[-1.082147479057312], attention=[], logits=[])])
2026-04-23 02:05:44,629 - INFO - ('value_hypotheses:', [('Văn bản cần dịch từ', -1.082147479057312)])
2026-04-23 02:05:44,629 - INFO - ('translated_paragraphs:', [[('Văn bản cần dịch từ', -1.082147479057312)]])
2026-04-23 02:05:44,629 - INFO - ('hypotheses_to_return:', [('Văn bản cần dịch từ', -1.082147479057312)])
2026-04-23 02:05:57,927 - INFO - ('Translating from English to Vietnamese: The Importance of Learning English in Today’s World\nIn the modern era, English has become more than just a language; it is a global tool for communication, education, and professional success. With over 1.5 billion people speaking English worldwide, it serves as a bridge connecting cultures, economies, and ideas. For students, mastering English opens doors to international scholarships, access to scientific research, and opportunities to study abroad. For professionals, it provides a competitive edge in multinational companies where English is often the working language. Beyond academics and careers, English also enriches personal life by allowing individuals to enjoy literature, films, and music from around the world. In tourism, English acts as a universal medium, helping travelers navigate foreign countries with ease. Moreover, in the digital age, most online content is produced in English, making it essential for anyone who wants to stay informed and connected. While learning English can be challenging, the rewards are immense. It requires patience, practice, and persistence, but the effort pays off in countless ways. Ultimately, English is not just a language; it is a passport to global citizenship. By learning it, individuals gain access to knowledge, opportunities, and friendships that transcend borders. In this interconnected world, English is the key to unlocking both personal growth and collective progress.\n',)
2026-04-23 02:05:57,928 - INFO - ('paragraphs:', ['The Importance of Learning English in Today’s World'])
2026-04-23 02:05:57,928 - INFO - ('apply_packaged_translation', 'The Importance of Learning English in Today’s World')
2026-04-23 02:05:57,928 - INFO - ('sentences', ['The Importance of Learning English in Today’s World'])
2026-04-23 02:05:57,929 - INFO - ('tokenized', [['▁The', '▁Import', 'ance', '▁of', '▁Learning', '▁English', '▁in', '▁Today', '’', 's', '▁World']])
2026-04-23 02:05:58,005 - INFO - ('translated_batches', [TranslationResult(hypotheses=[['▁Tầm', '▁quan', '▁trọng', '▁của', '▁việc', '▁học', '▁tiếng', '▁Anh', '▁trong', '▁thế', '▁gian', '▁ngày', '▁nay']], scores=[-1.397341012954712], attention=[], logits=[])])
2026-04-23 02:05:58,006 - INFO - ('value_hypotheses:', [('Tầm quan trọng của việc học tiếng Anh trong thế gian ngày nay', -1.397341012954712)])
2026-04-23 02:05:58,006 - INFO - ('translated_paragraphs:', [[('Tầm quan trọng của việc học tiếng Anh trong thế gian ngày nay', -1.397341012954712)]])
2026-04-23 02:05:58,006 - INFO - ('hypotheses_to_return:', [('Tầm quan trọng của việc học tiếng Anh trong thế gian ngày nay', -1.397341012954712)])
2026-04-23 02:05:58,006 - INFO - ('paragraphs:', ['In the modern era, English has become more than just a language; it is a global tool for communication, education, and professional success. With over 1.5 billion people speaking English worldwide, it serves as a bridge connecting cultures, economies, and ideas. For students, mastering English opens doors to international scholarships, access to scientific research, and opportunities to study abroad. For professionals, it provides a competitive edge in multinational companies where English is often the working language. Beyond academics and careers, English also enriches personal life by allowing individuals to enjoy literature, films, and music from around the world. In tourism, English acts as a universal medium, helping travelers navigate foreign countries with ease. Moreover, in the digital age, most online content is produced in English, making it essential for anyone who wants to stay informed and connected. While learning English can be challenging, the rewards are immense. It requires patience, practice, and persistence, but the effort pays off in countless ways. Ultimately, English is not just a language; it is a passport to global citizenship. By learning it, individuals gain access to knowledge, opportunities, and friendships that transcend borders. In this interconnected world, English is the key to unlocking both personal growth and collective progress.'])
2026-04-23 02:05:58,006 - INFO - ('apply_packaged_translation', 'In the modern era, English has become more than just a language; it is a global tool for communication, education, and professional success. With over 1.5 billion people speaking English worldwide, it serves as a bridge connecting cultures, economies, and ideas. For students, mastering English opens doors to international scholarships, access to scientific research, and opportunities to study abroad. For professionals, it provides a competitive edge in multinational companies where English is often the working language. Beyond academics and careers, English also enriches personal life by allowing individuals to enjoy literature, films, and music from around the world. In tourism, English acts as a universal medium, helping travelers navigate foreign countries with ease. Moreover, in the digital age, most online content is produced in English, making it essential for anyone who wants to stay informed and connected. While learning English can be challenging, the rewards are immense. It requires patience, practice, and persistence, but the effort pays off in countless ways. Ultimately, English is not just a language; it is a passport to global citizenship. By learning it, individuals gain access to knowledge, opportunities, and friendships that transcend borders. In this interconnected world, English is the key to unlocking both personal growth and collective progress.')
2026-04-23 02:05:58,006 - INFO - ('sentences', ['In the modern era, English has become more than just a language; it is a global tool for communication, education, and professional success.', 'With over 1.5 billion people speaking English worldwide, it serves as a bridge connecting cultures, economies, and ideas.', 'For students, mastering English opens doors to international scholarships, access to scientific research, and opportunities to study abroad.', 'For professionals, it provides a competitive edge in multinational companies where English is often the working language.', 'Beyond academics and careers, English also enriches personal life by allowing individuals to enjoy literature, films, and music from around the world.', 'In tourism, English acts as a universal medium, helping travelers navigate foreign countries with ease.', 'Moreover, in the digital age, most online content is produced in English, making it essential for anyone who wants to stay informed and connected.', 'While learning English can be challenging, the rewards are immense.', 'It requires patience, practice, and persistence, but the effort pays off in countless ways.', 'Ultimately, English is not just a language; it is a passport to global citizenship.', 'By learning it, individuals gain access to knowledge, opportunities, and friendships that transcend borders.', 'In this interconnected world, English is the key to unlocking both personal growth and collective progress.'])
2026-04-23 02:05:58,007 - INFO - ('tokenized', [['▁In', '▁the', '▁modern', '▁era', ',', '▁English', '▁has', '▁become', '▁more', '▁than', '▁just', '▁a', '▁language', ';', '▁it', '▁is', '▁a', '▁global', '▁tool', '▁for', '▁communication', ',', '▁education', ',', '▁and', '▁professional', '▁success', '.'], ['▁With', '▁over', '▁1.5', '▁billion', '▁people', '▁speaking', '▁English', '▁worldwide', ',', '▁it', '▁serves', '▁as', '▁a', '▁bridge', '▁connecting', '▁cultures', ',', '▁economies', ',', '▁and', '▁ideas', '.'], ['▁For', '▁students', ',', '▁master', 'ing', '▁English', '▁opens', '▁doors', '▁to', '▁international', '▁scholarship', 's', ',', '▁access', '▁to', '▁scientific', '▁research', ',', '▁and', '▁opportunities', '▁to', '▁study', '▁abroad', '.'], ['▁For', '▁professionals', ',', '▁it', '▁provides', '▁a', '▁competitive', '▁edge', '▁in', '▁multinational', '▁companies', '▁where', '▁English', '▁is', '▁often', '▁the', '▁working', '▁language', '.'], ['▁Beyond', '▁academic', 's', '▁and', '▁career', 's', ',', '▁English', '▁also', '▁enrich', 'es', '▁personal', '▁life', '▁by', '▁allowing', '▁individuals', '▁to', '▁enjoy', '▁literature', ',', '▁films', ',', '▁and', '▁music', '▁from', '▁around', '▁the', '▁world', '.'], ['▁In', '▁tour', 'ism', ',', '▁English', '▁acts', '▁as', '▁a', '▁universal', '▁medium', ',', '▁helping', '▁travelers', '▁navigate', '▁foreign', '▁countries', '▁with', '▁ease', '.'], ['▁Moreover', ',', '▁in', '▁the', '▁digital', '▁age', ',', '▁most', '▁online', '▁content', '▁is', '▁produced', '▁in', '▁English', ',', '▁making', '▁it', '▁essential', '▁for', '▁anyone', '▁who', '▁wants', '▁to', '▁stay', '▁informed', '▁and', '▁connected', '.'], ['▁While', '▁learning', '▁English', '▁can', '▁be', '▁challenging', ',', '▁the', '▁rewards', '▁are', '▁immense', '.'], ['▁It', '▁requires', '▁patience', ',', '▁practice', ',', '▁and', '▁persistence', ',', '▁but', '▁the', '▁effort', '▁pays', '▁off', '▁in', '▁countless', '▁ways', '.'], ['▁Ultimately', ',', '▁English', '▁is', '▁not', '▁just', '▁a', '▁language', ';', '▁it', '▁is', '▁a', '▁passport', '▁to', '▁global', '▁citizenship', '.'], ['▁By', '▁learning', '▁it', ',', '▁individuals', '▁gain', '▁access', '▁to', '▁knowledge', ',', '▁opportunities', ',', '▁and', '▁friendships', '▁that', '▁transcend', '▁borders', '.'], ['▁In', '▁this', '▁interconnected', '▁world', ',', '▁English', '▁is', '▁the', '▁key', '▁to', '▁unlock', 'ing', '▁both', '▁personal', '▁growth', '▁and', '▁collective', '▁progress', '.']])
2026-04-23 02:06:00,314 - INFO - ('translated_batches', [TranslationResult(hypotheses=[['▁Trong', '▁thời', '▁hiện', '▁đại', ',', '▁tiếng', '▁Anh', '▁không', '▁chỉ', '▁trở', '▁thành', '▁một', '▁ngôn', '▁ngữ', '▁mà', '▁còn', '▁là', '▁một', '▁công', '▁cụ', '▁toàn', '▁cầu', '▁để', '▁giao', '▁tiếp', ',', '▁giáo', '▁dục', '▁và', '▁thành', '▁công', '▁trong', '▁nghề', '▁nghiệp', '.']], scores=[-5.253635406494141], attention=[], logits=[]), TranslationResult(hypotheses=[['▁Với', '▁hơn', '▁1,5', '▁tỉ', '▁người', '▁nói', '▁tiếng', '▁Anh', '▁trên', '▁khắp', '▁thế', '▁giới', ',', '▁nó', '▁là', '▁một', '▁cầu', '▁nối', '▁văn', '▁hóa', ',', '▁kinh', '▁tế', '▁và', '▁ý', '▁tưởng', '.']], scores=[-5.259525299072266], attention=[], logits=[]), TranslationResult(hypotheses=[['▁Đối', '▁với', '▁các', '▁sinh', '▁viên', ',', '▁việc', '▁nắm', '▁vững', '▁tiếng', '▁Anh', '▁mở', '▁đường', '▁cho', '▁các', '▁học', '▁bổng', '▁quốc', '▁tế', ',', '▁việc', '▁nghiên', '▁cứu', '▁khoa', '▁học', '▁và', '▁cơ', '▁hội', '▁học', '▁ở', '▁nước', '▁ngoài', '.']], scores=[-7.81965446472168], attention=[], logits=[]), TranslationResult(hypotheses=[['▁Đối', '▁với', '▁các', '▁chuyên', '▁gia', ',', '▁nó', '▁tạo', '▁một', '▁lợi', '▁thế', '▁cạnh', '▁tranh', '▁trong', '▁các', '▁công', '▁ty', '▁đa', '▁quốc', '▁gia', '▁nơi', '▁tiếng', '▁Anh', '▁thường', '▁là', '▁ngôn', '▁ngữ', '▁hoạt', '▁động', '.']], scores=[-7.112753868103027], attention=[], logits=[]), TranslationResult(hypotheses=[['▁Ngoài', '▁các', '▁học', '▁giả', '▁và', '▁nghề', '▁nghiệp', ',', '▁tiếng', '▁Anh', '▁cũng', '▁làm', '▁phong', '▁phú', '▁đời', '▁sống', '▁cá', '▁nhân', '▁bằng', '▁cách', '▁cho', '▁phép', '▁người', '▁ta', '▁thưởng', '▁thức', '▁sách', '▁báo', ',', '▁phim', '▁ảnh', '▁và', '▁âm', '▁nhạc', '▁trên', '▁khắp', '▁thế', '▁giới', '.']], scores=[-5.9910454750061035], attention=[], logits=[]), TranslationResult(hypotheses=[['▁Trong', '▁du', '▁lịch', ',', '▁tiếng', '▁Anh', '▁đóng', '▁vai', '▁trò', '▁như', '▁một', '▁phương', '▁tiện', '▁truyền', '▁thông', '▁phổ', '▁thông', ',', '▁giúp', '▁du', '▁khách', '▁dễ', '▁dàng', '▁định', '▁hướng', '▁nước', '▁ngoài', '.']], scores=[-5.631235599517822], attention=[], logits=[]), TranslationResult(hypotheses=[['▁Hơn', '▁nữa', ',', '▁trong', '▁thời', '▁đại', '▁kỹ', '▁thuật', '▁số', ',', '▁hầu', '▁hết', '▁nội', '▁dung', '▁trực', '▁tuyến', '▁được', '▁sản', '▁xuất', '▁bằng', '▁tiếng', '▁Anh', ',', '▁làm', '▁cho', '▁nó', '▁cần', '▁thiết', '▁cho', '▁bất', '▁cứ', '▁ai', '▁muốn', '▁tiếp', '▁tục', '▁thông', '▁tin', '▁và', '▁kết', '▁nối', '.']], scores=[-7.365685939788818], attention=[], logits=[]), TranslationResult(hypotheses=[['▁Dù', '▁việc', '▁học', '▁tiếng', '▁Anh', '▁có', '▁thể', '▁khó', '▁khăn', ',', '▁nhưng', '▁phần', '▁thưởng', '▁thì', '▁vô', '▁cùng', '▁lớn', '.']], scores=[-4.535055637359619], attention=[], logits=[]), TranslationResult(hypotheses=[['▁Điều', '▁này', '▁đòi', '▁hỏi', '▁sự', '▁kiên', '▁nhẫn', ',', '▁tập', '▁luyện', '▁và', '▁kiên', '▁trì', ',', '▁nhưng', '▁sự', '▁cố', '▁gắng', '▁đó', '▁mang', '▁lại', '▁nhiều', '▁lợi', '▁ích', '.']], scores=[-6.985523700714111], attention=[], logits=[]), TranslationResult(hypotheses=[['▁Cuối', '▁cùng', ',', '▁tiếng', '▁Anh', '▁không', '▁chỉ', '▁là', '▁một', '▁ngôn', '▁ngữ', '▁mà', '▁còn', '▁là', '▁một', '▁hộ', '▁chiếu', '▁cho', '▁công', '▁dân', '▁toàn', '▁cầu', '.']], scores=[-4.126187324523926], attention=[], logits=[]), TranslationResult(hypotheses=[['▁Bằng', '▁cách', '▁học', '▁hỏi', '▁Kinh', '▁-', '▁thánh', ',', '▁mỗi', '▁cá', '▁nhân', '▁có', '▁được', '▁sự', '▁hiểu', '▁biết', ',', '▁cơ', '▁hội', '▁và', '▁tình', '▁bạn', '▁vượt', '▁quá', '▁giới', '▁hạn', '.']], scores=[-5.83754301071167], attention=[], logits=[]), TranslationResult(hypotheses=[['▁Trong', '▁thế', '▁giới', '▁liên', '▁kết', '▁này', ',', '▁tiếng', '▁Anh', '▁là', '▁chìa', '▁khóa', '▁để', '▁mở', '▁khóa', '▁cho', '▁sự', '▁phát', '▁triển', '▁cá', '▁nhân', '▁và', '▁sự', '▁tiến', '▁bộ', '▁tập', '▁thể', '.']], scores=[-4.84733247756958], attention=[], logits=[])])
2026-04-23 02:06:00,315 - INFO - ('value_hypotheses:', [('Trong thời hiện đại, tiếng Anh không chỉ trở thành một ngôn ngữ mà còn là một công cụ toàn cầu để giao tiếp, giáo dục và thành công trong nghề nghiệp. Với hơn 1,5 tỉ người nói tiếng Anh trên khắp thế giới, nó là một cầu nối văn hóa, kinh tế và ý tưởng. Đối với các sinh viên, việc nắm vững tiếng Anh mở đường cho các học bổng quốc tế, việc nghiên cứu khoa học và cơ hội học ở nước ngoài. Đối với các chuyên gia, nó tạo một lợi thế cạnh tranh trong các công ty đa quốc gia nơi tiếng Anh thường là ngôn ngữ hoạt động. Ngoài các học giả và nghề nghiệp, tiếng Anh cũng làm phong phú đời sống cá nhân bằng cách cho phép người ta thưởng thức sách báo, phim ảnh và âm nhạc trên khắp thế giới. Trong du lịch, tiếng Anh đóng vai trò như một phương tiện truyền thông phổ thông, giúp du khách dễ dàng định hướng nước ngoài. Hơn nữa, trong thời đại kỹ thuật số, hầu hết nội dung trực tuyến được sản xuất bằng tiếng Anh, làm cho nó cần thiết cho bất cứ ai muốn tiếp tục thông tin và kết nối. Dù việc học tiếng Anh có thể khó khăn, nhưng phần thưởng thì vô cùng lớn. Điều này đòi hỏi sự kiên nhẫn, tập luyện và kiên trì, nhưng sự cố gắng đó mang lại nhiều lợi ích. Cuối cùng, tiếng Anh không chỉ là một ngôn ngữ mà còn là một hộ chiếu cho công dân toàn cầu. Bằng cách học hỏi Kinh - thánh, mỗi cá nhân có được sự hiểu biết, cơ hội và tình bạn vượt quá giới hạn. Trong thế giới liên kết này, tiếng Anh là chìa khóa để mở khóa cho sự phát triển cá nhân và sự tiến bộ tập thể.', -70.76517820358276)])
2026-04-23 02:06:00,315 - INFO - ('translated_paragraphs:', [[('Trong thời hiện đại, tiếng Anh không chỉ trở thành một ngôn ngữ mà còn là một công cụ toàn cầu để giao tiếp, giáo dục và thành công trong nghề nghiệp. Với hơn 1,5 tỉ người nói tiếng Anh trên khắp thế giới, nó là một cầu nối văn hóa, kinh tế và ý tưởng. Đối với các sinh viên, việc nắm vững tiếng Anh mở đường cho các học bổng quốc tế, việc nghiên cứu khoa học và cơ hội học ở nước ngoài. Đối với các chuyên gia, nó tạo một lợi thế cạnh tranh trong các công ty đa quốc gia nơi tiếng Anh thường là ngôn ngữ hoạt động. Ngoài các học giả và nghề nghiệp, tiếng Anh cũng làm phong phú đời sống cá nhân bằng cách cho phép người ta thưởng thức sách báo, phim ảnh và âm nhạc trên khắp thế giới. Trong du lịch, tiếng Anh đóng vai trò như một phương tiện truyền thông phổ thông, giúp du khách dễ dàng định hướng nước ngoài. Hơn nữa, trong thời đại kỹ thuật số, hầu hết nội dung trực tuyến được sản xuất bằng tiếng Anh, làm cho nó cần thiết cho bất cứ ai muốn tiếp tục thông tin và kết nối. Dù việc học tiếng Anh có thể khó khăn, nhưng phần thưởng thì vô cùng lớn. Điều này đòi hỏi sự kiên nhẫn, tập luyện và kiên trì, nhưng sự cố gắng đó mang lại nhiều lợi ích. Cuối cùng, tiếng Anh không chỉ là một ngôn ngữ mà còn là một hộ chiếu cho công dân toàn cầu. Bằng cách học hỏi Kinh - thánh, mỗi cá nhân có được sự hiểu biết, cơ hội và tình bạn vượt quá giới hạn. Trong thế giới liên kết này, tiếng Anh là chìa khóa để mở khóa cho sự phát triển cá nhân và sự tiến bộ tập thể.', -70.76517820358276)]])
2026-04-23 02:06:00,315 - INFO - ('hypotheses_to_return:', [('Trong thời hiện đại, tiếng Anh không chỉ trở thành một ngôn ngữ mà còn là một công cụ toàn cầu để giao tiếp, giáo dục và thành công trong nghề nghiệp. Với hơn 1,5 tỉ người nói tiếng Anh trên khắp thế giới, nó là một cầu nối văn hóa, kinh tế và ý tưởng. Đối với các sinh viên, việc nắm vững tiếng Anh mở đường cho các học bổng quốc tế, việc nghiên cứu khoa học và cơ hội học ở nước ngoài. Đối với các chuyên gia, nó tạo một lợi thế cạnh tranh trong các công ty đa quốc gia nơi tiếng Anh thường là ngôn ngữ hoạt động. Ngoài các học giả và nghề nghiệp, tiếng Anh cũng làm phong phú đời sống cá nhân bằng cách cho phép người ta thưởng thức sách báo, phim ảnh và âm nhạc trên khắp thế giới. Trong du lịch, tiếng Anh đóng vai trò như một phương tiện truyền thông phổ thông, giúp du khách dễ dàng định hướng nước ngoài. Hơn nữa, trong thời đại kỹ thuật số, hầu hết nội dung trực tuyến được sản xuất bằng tiếng Anh, làm cho nó cần thiết cho bất cứ ai muốn tiếp tục thông tin và kết nối. Dù việc học tiếng Anh có thể khó khăn, nhưng phần thưởng thì vô cùng lớn. Điều này đòi hỏi sự kiên nhẫn, tập luyện và kiên trì, nhưng sự cố gắng đó mang lại nhiều lợi ích. Cuối cùng, tiếng Anh không chỉ là một ngôn ngữ mà còn là một hộ chiếu cho công dân toàn cầu. Bằng cách học hỏi Kinh - thánh, mỗi cá nhân có được sự hiểu biết, cơ hội và tình bạn vượt quá giới hạn. Trong thế giới liên kết này, tiếng Anh là chìa khóa để mở khóa cho sự phát triển cá nhân và sự tiến bộ tập thể.', -70.76517820358276)])
2026-04-23 02:06:00,316 - INFO - ('paragraphs:', [''])
2026-04-23 02:06:00,316 - INFO - ('apply_packaged_translation', '')
2026-04-23 02:06:00,316 - INFO - ('sentences', [])
2026-04-23 02:06:00,316 - INFO - ('tokenized', [])
2026-04-23 02:06:00,316 - INFO - ('translated_batches', [])
2026-04-23 02:06:00,316 - INFO - ('value_hypotheses:', [('', 0)])
2026-04-23 02:06:00,316 - INFO - ('translated_paragraphs:', [[('', 0)]])
2026-04-23 02:06:00,316 - INFO - ('hypotheses_to_return:', [('', 0)])
2026-04-23 02:10:57,638 - INFO - ('get_installed_languages',)
2026-04-23 02:10:57,644 - INFO - ('Translating from English to Vietnamese: Text to translate from',)
2026-04-23 02:10:57,645 - INFO - ('Translating from English to Vietnamese: Text to translate from',)
2026-04-23 02:10:57,646 - INFO - ('Translating from English to English: Text to translate from',)
2026-04-23 02:10:57,646 - INFO - ('Translating from English to English: Text to translate from',)
2026-04-23 02:10:57,646 - INFO - ('Translating from English to Vietnamese: Text to translate from',)
2026-04-23 02:10:57,646 - INFO - ('Translating from English to Vietnamese: Text to translate from',)
2026-04-23 02:10:57,646 - INFO - ('Translating from English to Vietnamese: Text to translate from',)
2026-04-23 02:10:57,646 - INFO - ('Translating from English to Vietnamese: Text to translate from',)
2026-04-23 02:10:59,004 - INFO - ('paragraphs:', ['Text to translate from'])
2026-04-23 02:10:59,004 - INFO - ('paragraphs:', ['Text to translate from'])
2026-04-23 02:10:59,004 - INFO - ('apply_packaged_translation', 'Text to translate from')
2026-04-23 02:10:59,004 - INFO - ('apply_packaged_translation', 'Text to translate from')
2026-04-23 02:10:59,005 - INFO - ('sentences', ['Text to translate from'])
2026-04-23 02:10:59,102 - INFO - ('tokenized', [['▁Text', '▁to', '▁translate', '▁from']])
2026-04-23 02:10:59,103 - INFO - ('tokenized', [['▁Text', '▁to', '▁translate', '▁from']])
2026-04-23 02:10:59,206 - INFO - ('translated_batches', [TranslationResult(hypotheses=[['▁Văn', '▁bản', '▁cần', '▁dịch', '▁từ']], scores=[-1.082147479057312], attention=[], logits=[])])
2026-04-23 02:10:59,207 - INFO - ('value_hypotheses:', [('Văn bản cần dịch từ', -1.082147479057312)])
2026-04-23 02:10:59,207 - INFO - ('translated_paragraphs:', [[('Văn bản cần dịch từ', -1.082147479057312)]])
2026-04-23 02:10:59,207 - INFO - ('hypotheses_to_return:', [('Văn bản cần dịch từ', -1.082147479057312)])
2026-04-23 02:10:59,209 - INFO - ('translated_batches', [TranslationResult(hypotheses=[['▁Văn', '▁bản', '▁cần', '▁dịch', '▁từ']], scores=[-1.082147479057312], attention=[], logits=[])])
2026-04-23 02:10:59,210 - INFO - ('value_hypotheses:', [('Văn bản cần dịch từ', -1.082147479057312)])
2026-04-23 02:10:59,210 - INFO - ('translated_paragraphs:', [[('Văn bản cần dịch từ', -1.082147479057312)]])
2026-04-23 02:10:59,210 - INFO - ('hypotheses_to_return:', [('Văn bản cần dịch từ', -1.082147479057312)])
2026-04-23 10:20:34,838 - INFO - ('get_installed_languages',)
2026-04-23 10:20:34,845 - INFO - ('Translating from English to Vietnamese: Text to translate from',)
2026-04-23 10:20:34,846 - INFO - ('Translating from English to English: Text to translate from',)
2026-04-23 10:20:34,847 - INFO - ('Translating from English to Vietnamese: Text to translate from',)
2026-04-23 10:20:34,847 - INFO - ('Translating from English to Vietnamese: Text to translate from',)
2026-04-23 10:20:36,312 - INFO - ('paragraphs:', ['Text to translate from'])
2026-04-23 10:20:36,312 - INFO - ('apply_packaged_translation', 'Text to translate from')
2026-04-23 10:20:36,313 - INFO - ('sentences', ['Text to translate from'])
2026-04-23 10:20:36,379 - INFO - ('tokenized', [['▁Text', '▁to', '▁translate', '▁from']])
2026-04-23 10:20:36,459 - INFO - ('translated_batches', [TranslationResult(hypotheses=[['▁Văn', '▁bản', '▁cần', '▁dịch', '▁từ']], scores=[-1.082147479057312], attention=[], logits=[])])
2026-04-23 10:20:36,459 - INFO - ('value_hypotheses:', [('Văn bản cần dịch từ', -1.082147479057312)])
2026-04-23 10:20:36,459 - INFO - ('translated_paragraphs:', [[('Văn bản cần dịch từ', -1.082147479057312)]])
2026-04-23 10:20:36,460 - INFO - ('hypotheses_to_return:', [('Văn bản cần dịch từ', -1.082147479057312)])
2026-04-23 10:20:44,176 - INFO - ('Translating from English to Vietnamese: 4. Team size, duration, and change-control process:\nGiven the project scale to serve <Quy mô từ đề - VD: 8,000 students>, an iterative approach allows a medium-sized development team to manage the workload efficiently over the project duration. Even if the <Tên tổ chức trong đề - VD: University> has a strict change-control process, Agile’s Sprint Review and Sprint Planning ceremonies provide formal, transparent checkpoints to negotiate, approve, and track changes systematically.\n\u200bQuestion 1.2: Alternative model and comparison (1.0 points)\n\u200bI select the Waterfall Model as the alternative SDLC. Below is the comparison between Agile (Scrum) and Waterfall in the context of the <Điền tên hệ thống> project:\n\u200bA. Agile (Scrum) - Chosen Model:\n\u200bAdvantage 1: Mitigates high-impact technical risks (such as <Nhắc lại 1 rủi ro kỹ thuật - VD: server overload during peak registration> ) early through continuous testing in each sprint.\n\u200bAdvantage 2: Accommodates changing requirements and UI/UX feedback from <Nhắc lại 1 nhóm user - VD: Students> continuously during development.\n\u200bDisadvantage 1: Requires high, continuous time commitment from the Product Owner (representing the <Tên tổ chức - VD: University administration> ) to review working software every sprint.\n\u200bDisadvantage 2: The final, total budget and exact delivery date for all features can be difficult to fix upfront due to the flexible nature of requirements.\n\u200bB. Waterfall - Alternative Model:\n\u200bAdvantage 1: Highly documented from the beginning, which aligns well with the formal and administrative nature of a <Tên tổ chức - VD: University>.\n\u200bAdvantage 2: Provides a clear, fixed upfront timeline and budget for the entire <Điền tên hệ thống> before any coding begins.\n\u200bDisadvantage 1: High "Big Bang" integration risk at the end; if the system fails the load test of <Nhắc lại rủi ro chịu tải - VD: 1,000 concurrent users>, it is too late and too costly to rebuild the architecture.\n\u200bDisadvantage 2: No early working software is available for <Nhắc lại 1 nhóm user - VD: Lecturers> to test, leading to a high risk of poor usability upon final release.\n\n',)
2026-04-23 10:20:44,178 - INFO - ('paragraphs:', ['4. Team size, duration, and change-control process:'])
2026-04-23 10:20:44,178 - INFO - ('apply_packaged_translation', '4. Team size, duration, and change-control process:')
2026-04-23 10:20:44,179 - INFO - ('sentences', ['4.', 'Team size, duration, and change-control process:'])
2026-04-23 10:20:44,179 - INFO - ('tokenized', [['▁4.'], ['▁Team', '▁size', ',', '▁duration', ',', '▁and', '▁change', '-', 'control', '▁process', ':']])
2026-04-23 10:20:44,303 - INFO - ('translated_batches', [TranslationResult(hypotheses=[['▁4.']], scores=[-0.5469961762428284], attention=[], logits=[]), TranslationResult(hypotheses=[['▁Kích', '▁cỡ', '▁đội', ',', '▁khoảng', '▁thời', '▁gian', '▁và', '▁quá', '▁trình', '▁thay', '▁đổi', ':']], scores=[-4.23808479309082], attention=[], logits=[])])
2026-04-23 10:20:44,304 - INFO - ('value_hypotheses:', [('4. Kích cỡ đội, khoảng thời gian và quá trình thay đổi:', -4.785080969333649)])
2026-04-23 10:20:44,304 - INFO - ('translated_paragraphs:', [[('4. Kích cỡ đội, khoảng thời gian và quá trình thay đổi:', -4.785080969333649)]])
2026-04-23 10:20:44,304 - INFO - ('hypotheses_to_return:', [('4. Kích cỡ đội, khoảng thời gian và quá trình thay đổi:', -4.785080969333649)])
2026-04-23 10:20:44,304 - INFO - ('paragraphs:', ['Given the project scale to serve <Quy mô từ đề - VD: 8,000 students>, an iterative approach allows a medium-sized development team to manage the workload efficiently over the project duration. Even if the <Tên tổ chức trong đề - VD: University> has a strict change-control process, Agile’s Sprint Review and Sprint Planning ceremonies provide formal, transparent checkpoints to negotiate, approve, and track changes systematically.'])
2026-04-23 10:20:44,304 - INFO - ('apply_packaged_translation', 'Given the project scale to serve <Quy mô từ đề - VD: 8,000 students>, an iterative approach allows a medium-sized development team to manage the workload efficiently over the project duration. Even if the <Tên tổ chức trong đề - VD: University> has a strict change-control process, Agile’s Sprint Review and Sprint Planning ceremonies provide formal, transparent checkpoints to negotiate, approve, and track changes systematically.')
2026-04-23 10:20:44,304 - INFO - ('sentences', ['Given the project scale to serve <Quy mô từ đề - VD: 8,000 students>, an iterative approach allows a medium-sized development team to manage the workload efficiently over the project duration.', 'Even if the <Tên tổ chức trong đề - VD: University> has a strict change-control process, Agile’s Sprint Review and Sprint Planning ceremonies provide formal, transparent checkpoints to negotiate, approve, and track changes systematically.'])
2026-04-23 10:20:44,305 - INFO - ('tokenized', [['▁Given', '▁the', '▁project', '▁scale', '▁to', '▁serve', '▁<', 'Q', 'u', 'y', '▁m', 'ô', '▁t', 'ừ', '▁đ', 'ề', '▁-', '▁V', 'D', ':', '▁8,000', '▁students', '>', ',', '▁an', '▁it', 'er', 'ative', '▁approach', '▁allows', '▁a', '▁medium', '-', 'sized', '▁development', '▁team', '▁to', '▁manage', '▁the', '▁work', 'load', '▁efficiently', '▁over', '▁the', '▁project', '▁duration', '.'], ['▁Even', '▁if', '▁the', '▁<', 'T', 'ên', '▁t', 'ổ', '▁ch', 'ứ', 'c', '▁tro', 'ng', '▁đ', 'ề', '▁-', '▁V', 'D', ':', '▁University', '>', '▁has', '▁a', '▁strict', '▁change', '-', 'control', '▁process', ',', '▁Ag', 'ile', '’', 's', '▁S', 'print', '▁Review', '▁and', '▁S', 'print', '▁Planning', '▁ceremonies', '▁provide', '▁formal', ',', '▁transparent', '▁checkpoint', 's', '▁to', '▁negotiate', ',', '▁approve', ',', '▁and', '▁track', '▁changes', '▁systematically', '.']])
2026-04-23 10:20:45,582 - INFO - ('translated_batches', [TranslationResult(hypotheses=[['▁Theo', '▁quy', '▁mô', '▁của', '▁dự', '▁án', '▁để', '▁phục', '▁vụ', '▁<', 'Q', 'y', '▁m', 'ô', '▁t', '(', 'V', 'D', '):', '▁8,000', '▁sinh', '▁viên', ')', ',', '▁một', '▁phương', '▁pháp', '▁lặp', '▁lại', '▁cho', '▁phép', '▁một', '▁đội', '▁ngũ', '▁phát', '▁triển', '▁cỡ', '▁trung', '▁để', '▁quản', '▁lý', '▁việc', '▁tải', '▁hàng', '▁hiệu', '▁quả', '▁trong', '▁suốt', '▁thời', '▁gian', '▁dự', '▁án', '.']], scores=[-15.055512428283691], attention=[], logits=[]), TranslationResult(hypotheses=[['▁Ngay', '▁cả', '▁khi', '▁các', '▁nghi', '▁lễ', '▁<', 'T', 'ên', '▁t', 'ổ', '▁c', '▁tro', 'ng', '▁đ', '(', 'V', 'D', '):', '▁Đại', '▁học', '▁đã', '▁có', '▁một', '▁quá', '▁trình', '▁kiểm', '▁soát', '▁nghiêm', '▁ngặt', ',', '▁tạp', '▁chí', '▁Ag', 'ile', '’', 's', '▁S', 'print', '▁Review', '▁và', '▁S', 'print', '▁Plann', 'ing', '▁cung', '▁cấp', '▁các', '▁điểm', '▁kiểm', '▁soát', '▁chính', '▁thức', ',', '▁minh', '▁bạch', '▁để', '▁thương', '▁lượng', ',', '▁phê', '▁chuẩn', '▁và', '▁theo', '▁dõi', '▁các', '▁thay', '▁đổi', '▁một', '▁cách', '▁có', '▁hệ', '▁thống', '.']], scores=[-18.753957748413086], attention=[], logits=[])])
2026-04-23 10:20:45,583 - INFO - ('value_hypotheses:', [('Theo quy mô của dự án để phục vụ <Qy mô t(VD): 8,000 sinh viên), một phương pháp lặp lại cho phép một đội ngũ phát triển cỡ trung để quản lý việc tải hàng hiệu quả trong suốt thời gian dự án. Ngay cả khi các nghi lễ <Tên tổ c trong đ(VD): Đại học đã có một quá trình kiểm soát nghiêm ngặt, tạp chí Agile’s Sprint Review và Sprint Planning cung cấp các điểm kiểm soát chính thức, minh bạch để thương lượng, phê chuẩn và theo dõi các thay đổi một cách có hệ thống.', -33.80947017669678)])
2026-04-23 10:20:45,588 - INFO - ('translated_paragraphs:', [[('Theo quy mô của dự án để phục vụ <Qy mô t(VD): 8,000 sinh viên), một phương pháp lặp lại cho phép một đội ngũ phát triển cỡ trung để quản lý việc tải hàng hiệu quả trong suốt thời gian dự án. Ngay cả khi các nghi lễ <Tên tổ c trong đ(VD): Đại học đã có một quá trình kiểm soát nghiêm ngặt, tạp chí Agile’s Sprint Review và Sprint Planning cung cấp các điểm kiểm soát chính thức, minh bạch để thương lượng, phê chuẩn và theo dõi các thay đổi một cách có hệ thống.', -33.80947017669678)]])
2026-04-23 10:20:45,588 - INFO - ('hypotheses_to_return:', [('Theo quy mô của dự án để phục vụ <Qy mô t(VD): 8,000 sinh viên), một phương pháp lặp lại cho phép một đội ngũ phát triển cỡ trung để quản lý việc tải hàng hiệu quả trong suốt thời gian dự án. Ngay cả khi các nghi lễ <Tên tổ c trong đ(VD): Đại học đã có một quá trình kiểm soát nghiêm ngặt, tạp chí Agile’s Sprint Review và Sprint Planning cung cấp các điểm kiểm soát chính thức, minh bạch để thương lượng, phê chuẩn và theo dõi các thay đổi một cách có hệ thống.', -33.80947017669678)])
2026-04-23 10:20:45,588 - INFO - ('paragraphs:', ['\u200bQuestion 1.2: Alternative model and comparison (1.0 points)'])
2026-04-23 10:20:45,588 - INFO - ('apply_packaged_translation', '\u200bQuestion 1.2: Alternative model and comparison (1.0 points)')
2026-04-23 10:20:45,588 - INFO - ('sentences', ['\u200bQuestion 1.2: Alternative model and comparison (1.0 points)'])
2026-04-23 10:20:45,590 - INFO - ('tokenized', [['▁Question', '▁1.2', ':', '▁Alternative', '▁model', '▁and', '▁comparison', '▁(1', '.', '0', '▁points', ')']])
2026-04-23 10:20:45,719 - INFO - ('translated_batches', [TranslationResult(hypotheses=[['▁Câu', '▁hỏi', '▁1.2', ':', '▁Mô', '▁hình', '▁thay', '▁thế', '▁và', '▁so', '▁sánh', '▁(1', '.', '▁0', '▁điểm', ')']], scores=[-4.178864002227783], attention=[], logits=[])])
2026-04-23 10:20:45,722 - INFO - ('value_hypotheses:', [('Câu hỏi 1.2: Mô hình thay thế và so sánh (1. 0 điểm)', -4.178864002227783)])
2026-04-23 10:20:45,722 - INFO - ('translated_paragraphs:', [[('Câu hỏi 1.2: Mô hình thay thế và so sánh (1. 0 điểm)', -4.178864002227783)]])
2026-04-23 10:20:45,722 - INFO - ('hypotheses_to_return:', [('Câu hỏi 1.2: Mô hình thay thế và so sánh (1. 0 điểm)', -4.178864002227783)])
2026-04-23 10:20:45,722 - INFO - ('paragraphs:', ['\u200bI select the Waterfall Model as the alternative SDLC. Below is the comparison between Agile (Scrum) and Waterfall in the context of the <Điền tên hệ thống> project:'])
2026-04-23 10:20:45,722 - INFO - ('apply_packaged_translation', '\u200bI select the Waterfall Model as the alternative SDLC. Below is the comparison between Agile (Scrum) and Waterfall in the context of the <Điền tên hệ thống> project:')
2026-04-23 10:20:45,723 - INFO - ('sentences', ['\u200bI select the Waterfall Model as the alternative SDLC.', 'Below is the comparison between Agile (Scrum) and Waterfall in the context of the <Điền tên hệ thống> project:'])
2026-04-23 10:20:45,723 - INFO - ('tokenized', [['▁I', '▁select', '▁the', '▁Water', 'fall', '▁Model', '▁as', '▁the', '▁alternative', '▁SDL', 'C', '.'], ['▁Below', '▁is', '▁the', '▁comparison', '▁between', '▁Ag', 'ile', '▁(', 'S', 'c', 'rum', ')', '▁and', '▁Water', 'fall', '▁in', '▁the', '▁context', '▁of', '▁the', '▁<', 'Đ', 'i', 'ề', 'n', '▁t', 'ên', '▁h', 'ệ', '▁th', 'ố', 'ng', '>', '▁project', ':']])
2026-04-23 10:20:46,142 - INFO - ('translated_batches', [TranslationResult(hypotheses=[['▁Tôi', '▁chọn', '▁mô', '▁hình', '▁Water', 'fall', '▁là', '▁một', '▁phần', '▁mềm', '▁thay', '▁thế', '▁SDL', 'C', '.']], scores=[-6.3237409591674805], attention=[], logits=[]), TranslationResult(hypotheses=[['▁Dưới', '▁đây', '▁là', '▁sự', '▁so', '▁sánh', '▁giữa', '▁Ag', 'ile', '▁(', 'S', 'c', 'rum', ')', '▁và', '▁Water', 'fall', '▁trong', '▁bối', '▁cảnh', '▁của', '▁dự', '▁án', '▁<', '▁lu', 'ề', 'n', '▁t', 'ên', '▁h', '>']], scores=[-11.109625816345215], attention=[], logits=[])])
2026-04-23 10:20:46,143 - INFO - ('value_hypotheses:', [('Tôi chọn mô hình Waterfall là một phần mềm thay thế SDLC. Dưới đây là sự so sánh giữa Agile (Scrum) và Waterfall trong bối cảnh của dự án < luền tên h>', -17.433366775512695)])
2026-04-23 10:20:46,143 - INFO - ('translated_paragraphs:', [[('Tôi chọn mô hình Waterfall là một phần mềm thay thế SDLC. Dưới đây là sự so sánh giữa Agile (Scrum) và Waterfall trong bối cảnh của dự án < luền tên h>', -17.433366775512695)]])
2026-04-23 10:20:46,143 - INFO - ('hypotheses_to_return:', [('Tôi chọn mô hình Waterfall là một phần mềm thay thế SDLC. Dưới đây là sự so sánh giữa Agile (Scrum) và Waterfall trong bối cảnh của dự án < luền tên h>', -17.433366775512695)])
2026-04-23 10:20:46,143 - INFO - ('paragraphs:', ['\u200bA. Agile (Scrum) - Chosen Model:'])
2026-04-23 10:20:46,143 - INFO - ('apply_packaged_translation', '\u200bA. Agile (Scrum) - Chosen Model:')
2026-04-23 10:20:46,143 - INFO - ('sentences', ['\u200bA.', 'Agile (Scrum) - Chosen Model:'])
2026-04-23 10:20:46,143 - INFO - ('tokenized', [['▁A', '.'], ['▁Ag', 'ile', '▁(', 'S', 'c', 'rum', ')', '▁-', '▁Chosen', '▁Model', ':']])
2026-04-23 10:20:46,205 - INFO - ('translated_batches', [TranslationResult(hypotheses=[['▁A', '.']], scores=[-0.23835255205631256], attention=[], logits=[]), TranslationResult(hypotheses=[['▁-', '▁Mô', '▁hình', '▁được', '▁chọn', ':']], scores=[-1.8645669221878052], attention=[], logits=[])])
2026-04-23 10:20:46,205 - INFO - ('value_hypotheses:', [('A. - Mô hình được chọn:', -2.1029194742441177)])
2026-04-23 10:20:46,205 - INFO - ('translated_paragraphs:', [[('A. - Mô hình được chọn:', -2.1029194742441177)]])
2026-04-23 10:20:46,205 - INFO - ('hypotheses_to_return:', [('A. - Mô hình được chọn:', -2.1029194742441177)])
2026-04-23 10:20:46,205 - INFO - ('paragraphs:', ['\u200bAdvantage 1: Mitigates high-impact technical risks (such as <Nhắc lại 1 rủi ro kỹ thuật - VD: server overload during peak registration> ) early through continuous testing in each sprint.'])
2026-04-23 10:20:46,205 - INFO - ('apply_packaged_translation', '\u200bAdvantage 1: Mitigates high-impact technical risks (such as <Nhắc lại 1 rủi ro kỹ thuật - VD: server overload during peak registration> ) early through continuous testing in each sprint.')
2026-04-23 10:20:46,205 - INFO - ('sentences', ['\u200bAdvantage 1: Mitigates high-impact technical risks (such as <Nhắc lại 1 rủi ro kỹ thuật - VD: server overload during peak registration> ) early through continuous testing in each sprint.'])
2026-04-23 10:20:46,206 - INFO - ('tokenized', [['▁Ad', 'vantage', '▁1:', '▁M', 'iti', 'gate', 's', '▁high', '-', 'i', 'mp', 'act', '▁technical', '▁risks', '▁(', 's', 'uch', '▁as', '▁<', 'N', 'h', 'ắ', 'c', '▁l', 'ạ', 'i', '▁1', '▁r', 'ủ', 'i', '▁ro', '▁k', 'ỹ', '▁th', 'u', 'ậ', 't', '▁-', '▁V', 'D', ':', '▁server', '▁overload', '▁during', '▁peak', '▁registration', '>', '▁', ')', '▁early', '▁through', '▁continuous', '▁testing', '▁in', '▁each', '▁sprint', '.']])
2026-04-23 10:20:46,717 - INFO - ('translated_batches', [TranslationResult(hypotheses=[['▁Ư', 'u', '▁thế', '▁1:', '▁rủi', '▁ro', '▁kỹ', '▁thuật', '▁cao', '▁(', 'chẳng', '▁hạn', '▁như', '▁<', 'N', 'h', '▁vội', '▁vàng', '▁l', '*', '*', '*', '▁1', '▁r', '*', 'i', '~', '▁r', '▁dấy', '▁/', '▁V', 'D', ':', '▁máy', '▁chủ', '▁quá', '▁tải', '▁trong', '▁thời', '▁gian', '▁đăng', '▁ký', '▁cao', '▁nhất', ')', '▁qua', '▁các', '▁cuộc', '▁thử', '▁nghiệm', '▁liên', '▁tục', '▁trong', '▁mỗi', '▁lần', '▁chạy', '▁nước', '▁rút', '.']], scores=[-25.148597717285156], attention=[], logits=[])])
2026-04-23 10:20:46,717 - INFO - ('value_hypotheses:', [('Ưu thế 1: rủi ro kỹ thuật cao (chẳng hạn như <Nh vội vàng l*** 1 r*i~ r dấy / VD: máy chủ quá tải trong thời gian đăng ký cao nhất) qua các cuộc thử nghiệm liên tục trong mỗi lần chạy nước rút.', -25.148597717285156)])
2026-04-23 10:20:46,717 - INFO - ('translated_paragraphs:', [[('Ưu thế 1: rủi ro kỹ thuật cao (chẳng hạn như <Nh vội vàng l*** 1 r*i~ r dấy / VD: máy chủ quá tải trong thời gian đăng ký cao nhất) qua các cuộc thử nghiệm liên tục trong mỗi lần chạy nước rút.', -25.148597717285156)]])
2026-04-23 10:20:46,717 - INFO - ('hypotheses_to_return:', [('Ưu thế 1: rủi ro kỹ thuật cao (chẳng hạn như <Nh vội vàng l*** 1 r*i~ r dấy / VD: máy chủ quá tải trong thời gian đăng ký cao nhất) qua các cuộc thử nghiệm liên tục trong mỗi lần chạy nước rút.', -25.148597717285156)])
2026-04-23 10:20:46,717 - INFO - ('paragraphs:', ['\u200bAdvantage 2: Accommodates changing requirements and UI/UX feedback from <Nhắc lại 1 nhóm user - VD: Students> continuously during development.'])
2026-04-23 10:20:46,718 - INFO - ('apply_packaged_translation', '\u200bAdvantage 2: Accommodates changing requirements and UI/UX feedback from <Nhắc lại 1 nhóm user - VD: Students> continuously during development.')
2026-04-23 10:20:46,718 - INFO - ('sentences', ['\u200bAdvantage 2: Accommodates changing requirements and UI/UX feedback from <Nhắc lại 1 nhóm user - VD: Students> continuously during development.'])
2026-04-23 10:20:46,718 - INFO - ('tokenized', [['▁Ad', 'vantage', '▁2:', '▁Ac', 'com', 'mo', 'date', 's', '▁changing', '▁requirements', '▁and', '▁U', 'I', '/', 'U', 'X', '▁feedback', '▁from', '▁<', 'N', 'h', 'ắ', 'c', '▁l', 'ạ', 'i', '▁1', '▁nh', 'ó', 'm', '▁user', '▁-', '▁V', 'D', ':', '▁Students', '>', '▁continuously', '▁during', '▁development', '.']])
2026-04-23 10:20:47,099 - INFO - ('translated_batches', [TranslationResult(hypotheses=[['▁Ư', 'u', '▁thế', '▁2:', '▁A', 'c', 'com', 'mo', 'date', 's', '▁thay', '▁đổi', '▁yêu', '▁cầu', '▁và', '▁phản', '▁hồi', '▁U', 'I', '/', 'U', 'X', '▁từ', '▁<', 'N', 'h', '_', 'l', 'va', 'l', '▁1', '▁nh', 'ó', 'm', '▁user', '▁-', '▁Học', '▁sinh', '>', '▁liên', '▁tục', '▁trong', '▁quá', '▁trình', '▁phát', '▁triển', '.']], scores=[-12.794127464294434], attention=[], logits=[])])
2026-04-23 10:20:47,100 - INFO - ('value_hypotheses:', [('Ưu thế 2: Accommodates thay đổi yêu cầu và phản hồi UI/UX từ <Nh lval 1 nhóm user - Học sinh> liên tục trong quá trình phát triển.', -12.794127464294434)])
2026-04-23 10:20:47,100 - INFO - ('translated_paragraphs:', [[('Ưu thế 2: Accommodates thay đổi yêu cầu và phản hồi UI/UX từ <Nh lval 1 nhóm user - Học sinh> liên tục trong quá trình phát triển.', -12.794127464294434)]])
2026-04-23 10:20:47,100 - INFO - ('hypotheses_to_return:', [('Ưu thế 2: Accommodates thay đổi yêu cầu và phản hồi UI/UX từ <Nh lval 1 nhóm user - Học sinh> liên tục trong quá trình phát triển.', -12.794127464294434)])
2026-04-23 10:20:47,100 - INFO - ('paragraphs:', ['\u200bDisadvantage 1: Requires high, continuous time commitment from the Product Owner (representing the <Tên tổ chức - VD: University administration> ) to review working software every sprint.'])
2026-04-23 10:20:47,100 - INFO - ('apply_packaged_translation', '\u200bDisadvantage 1: Requires high, continuous time commitment from the Product Owner (representing the <Tên tổ chức - VD: University administration> ) to review working software every sprint.')
2026-04-23 10:20:47,100 - INFO - ('sentences', ['\u200bDisadvantage 1: Requires high, continuous time commitment from the Product Owner (representing the <Tên tổ chức - VD: University administration> ) to review working software every sprint.'])
2026-04-23 10:20:47,100 - INFO - ('tokenized', [['▁Dis', 'ad', 'vantage', '▁1:', '▁Require', 's', '▁high', ',', '▁continuous', '▁time', '▁commitment', '▁from', '▁the', '▁Produc', 't', '▁Owner', '▁(', 're', 'present', 'ing', '▁the', '▁<', 'T', 'ên', '▁t', 'ổ', '▁ch', 'ứ', 'c', '▁-', '▁V', 'D', ':', '▁University', '▁administration', '>', '▁', ')', '▁to', '▁review', '▁working', '▁software', '▁every', '▁sprint', '.']])
2026-04-23 10:20:47,594 - INFO - ('translated_batches', [TranslationResult(hypotheses=[['▁Giảm', '▁ưu', '▁thế', '▁1:', '▁yêu', '▁cầu', '▁sự', '▁cam', '▁kết', '▁về', '▁thời', '▁gian', '▁cao', ',', '▁liên', '▁tục', '▁từ', '▁chủ', '▁sở', '▁hữu', '▁sản', '▁phẩm', '▁(', 'đang', '▁đại', '▁diện', '▁cho', '▁<', 'T', 'ên', '▁t', 'ổ', '▁t', '>', '▁-', '▁V', 'D', ':', '▁quản', '▁lý', '▁đại', '▁học', '>', ')', '▁để', '▁xem', '▁lại', '▁các', '▁phần', '▁mềm', '▁làm', '▁việc', '▁mỗi', '▁lần', '▁chạy', '▁nước', '▁rút', '.']], scores=[-19.193363189697266], attention=[], logits=[])])
2026-04-23 10:20:47,595 - INFO - ('value_hypotheses:', [('Giảm ưu thế 1: yêu cầu sự cam kết về thời gian cao, liên tục từ chủ sở hữu sản phẩm (đang đại diện cho <Tên tổ t> - VD: quản lý đại học>) để xem lại các phần mềm làm việc mỗi lần chạy nước rút.', -19.193363189697266)])
2026-04-23 10:20:47,595 - INFO - ('translated_paragraphs:', [[('Giảm ưu thế 1: yêu cầu sự cam kết về thời gian cao, liên tục từ chủ sở hữu sản phẩm (đang đại diện cho <Tên tổ t> - VD: quản lý đại học>) để xem lại các phần mềm làm việc mỗi lần chạy nước rút.', -19.193363189697266)]])
2026-04-23 10:20:47,595 - INFO - ('hypotheses_to_return:', [('Giảm ưu thế 1: yêu cầu sự cam kết về thời gian cao, liên tục từ chủ sở hữu sản phẩm (đang đại diện cho <Tên tổ t> - VD: quản lý đại học>) để xem lại các phần mềm làm việc mỗi lần chạy nước rút.', -19.193363189697266)])
2026-04-23 10:20:47,595 - INFO - ('paragraphs:', ['\u200bDisadvantage 2: The final, total budget and exact delivery date for all features can be difficult to fix upfront due to the flexible nature of requirements.'])
2026-04-23 10:20:47,595 - INFO - ('apply_packaged_translation', '\u200bDisadvantage 2: The final, total budget and exact delivery date for all features can be difficult to fix upfront due to the flexible nature of requirements.')
2026-04-23 10:20:47,595 - INFO - ('sentences', ['\u200bDisadvantage 2: The final, total budget and exact delivery date for all features can be difficult to fix upfront due to the flexible nature of requirements.'])
2026-04-23 10:20:47,595 - INFO - ('tokenized', [['▁Dis', 'ad', 'vantage', '▁2:', '▁The', '▁final', ',', '▁total', '▁budget', '▁and', '▁exact', '▁delivery', '▁date', '▁for', '▁all', '▁features', '▁can', '▁be', '▁difficult', '▁to', '▁fix', '▁up', 'front', '▁due', '▁to', '▁the', '▁flexible', '▁nature', '▁of', '▁requirements', '.']])
2026-04-23 10:20:47,868 - INFO - ('translated_batches', [TranslationResult(hypotheses=[['▁Lợi', '▁thế', '▁2:', '▁Tổng', '▁ngân', '▁sách', '▁và', '▁chính', '▁xác', '▁ngày', '▁giao', '▁hàng', '▁cho', '▁mọi', '▁đặc', '▁điểm', '▁có', '▁thể', '▁khó', '▁sửa', '▁chữa', '▁vì', '▁tính', '▁linh', '▁hoạt', '▁của', '▁các', '▁đòi', '▁hỏi', '.']], scores=[-8.95174503326416], attention=[], logits=[])])
2026-04-23 10:20:47,868 - INFO - ('value_hypotheses:', [('Lợi thế 2: Tổng ngân sách và chính xác ngày giao hàng cho mọi đặc điểm có thể khó sửa chữa vì tính linh hoạt của các đòi hỏi.', -8.95174503326416)])
2026-04-23 10:20:47,869 - INFO - ('translated_paragraphs:', [[('Lợi thế 2: Tổng ngân sách và chính xác ngày giao hàng cho mọi đặc điểm có thể khó sửa chữa vì tính linh hoạt của các đòi hỏi.', -8.95174503326416)]])
2026-04-23 10:20:47,869 - INFO - ('hypotheses_to_return:', [('Lợi thế 2: Tổng ngân sách và chính xác ngày giao hàng cho mọi đặc điểm có thể khó sửa chữa vì tính linh hoạt của các đòi hỏi.', -8.95174503326416)])
2026-04-23 10:20:47,869 - INFO - ('paragraphs:', ['\u200bB. Waterfall - Alternative Model:'])
2026-04-23 10:20:47,869 - INFO - ('apply_packaged_translation', '\u200bB. Waterfall - Alternative Model:')
2026-04-23 10:20:47,869 - INFO - ('sentences', ['\u200bB.', 'Waterfall - Alternative Model:'])
2026-04-23 10:20:47,869 - INFO - ('tokenized', [['▁B', '.'], ['▁Water', 'fall', '▁-', '▁Alternative', '▁Model', ':']])
2026-04-23 10:20:47,949 - INFO - ('translated_batches', [TranslationResult(hypotheses=[['▁B', '.']], scores=[-0.2821158170700073], attention=[], logits=[]), TranslationResult(hypotheses=[['▁Mô', '▁hình', '▁thác', '▁nước', '▁khác', ':']], scores=[-2.6669390201568604], attention=[], logits=[])])
2026-04-23 10:20:47,950 - INFO - ('value_hypotheses:', [('B. Mô hình thác nước khác:', -2.9490548372268677)])
2026-04-23 10:20:47,950 - INFO - ('translated_paragraphs:', [[('B. Mô hình thác nước khác:', -2.9490548372268677)]])
2026-04-23 10:20:47,950 - INFO - ('hypotheses_to_return:', [('B. Mô hình thác nước khác:', -2.9490548372268677)])
2026-04-23 10:20:47,950 - INFO - ('paragraphs:', ['\u200bAdvantage 1: Highly documented from the beginning, which aligns well with the formal and administrative nature of a <Tên tổ chức - VD: University>.'])
2026-04-23 10:20:47,950 - INFO - ('apply_packaged_translation', '\u200bAdvantage 1: Highly documented from the beginning, which aligns well with the formal and administrative nature of a <Tên tổ chức - VD: University>.')
2026-04-23 10:20:47,950 - INFO - ('sentences', ['\u200bAdvantage 1: Highly documented from the beginning, which aligns well with the formal and administrative nature of a <Tên tổ chức - VD: University>.'])
2026-04-23 10:20:47,950 - INFO - ('tokenized', [['▁Ad', 'vantage', '▁1:', '▁High', 'ly', '▁documented', '▁from', '▁the', '▁beginning', ',', '▁which', '▁align', 's', '▁well', '▁with', '▁the', '▁formal', '▁and', '▁administrative', '▁nature', '▁of', '▁a', '▁<', 'T', 'ên', '▁t', 'ổ', '▁ch', 'ứ', 'c', '▁-', '▁V', 'D', ':', '▁University', '>', '.']])
2026-04-23 10:20:48,269 - INFO - ('translated_batches', [TranslationResult(hypotheses=[['▁Ư', 'u', '▁thế', '▁1:', '▁được', '▁ghi', '▁nhận', '▁rõ', '▁ràng', '▁ngay', '▁từ', '▁đầu', ',', '▁nó', '▁tương', '▁xứng', '▁với', '▁bản', '▁chất', '▁chính', '▁thức', '▁và', '▁chính', '▁thức', '▁của', '▁một', '▁trường', '▁đại', '▁học', '▁<', 'T', 'ên', '▁t', 'ổ', '▁ch', '▁dấy', '▁-', '▁V', 'D', '>', '.']], scores=[-16.575464248657227], attention=[], logits=[])])
2026-04-23 10:20:48,269 - INFO - ('value_hypotheses:', [('Ưu thế 1: được ghi nhận rõ ràng ngay từ đầu, nó tương xứng với bản chất chính thức và chính thức của một trường đại học <Tên tổ ch dấy - VD>.', -16.575464248657227)])
2026-04-23 10:20:48,269 - INFO - ('translated_paragraphs:', [[('Ưu thế 1: được ghi nhận rõ ràng ngay từ đầu, nó tương xứng với bản chất chính thức và chính thức của một trường đại học <Tên tổ ch dấy - VD>.', -16.575464248657227)]])
2026-04-23 10:20:48,269 - INFO - ('hypotheses_to_return:', [('Ưu thế 1: được ghi nhận rõ ràng ngay từ đầu, nó tương xứng với bản chất chính thức và chính thức của một trường đại học <Tên tổ ch dấy - VD>.', -16.575464248657227)])
2026-04-23 10:20:48,269 - INFO - ('paragraphs:', ['\u200bAdvantage 2: Provides a clear, fixed upfront timeline and budget for the entire <Điền tên hệ thống> before any coding begins.'])
2026-04-23 10:20:48,269 - INFO - ('apply_packaged_translation', '\u200bAdvantage 2: Provides a clear, fixed upfront timeline and budget for the entire <Điền tên hệ thống> before any coding begins.')
2026-04-23 10:20:48,269 - INFO - ('sentences', ['\u200bAdvantage 2: Provides a clear, fixed upfront timeline and budget for the entire <Điền tên hệ thống> before any coding begins.'])
2026-04-23 10:20:48,270 - INFO - ('tokenized', [['▁Ad', 'vantage', '▁2:', '▁Provide', 's', '▁a', '▁clear', ',', '▁fixed', '▁up', 'front', '▁timeline', '▁and', '▁budget', '▁for', '▁the', '▁entire', '▁<', 'Đ', 'i', 'ề', 'n', '▁t', 'ên', '▁h', 'ệ', '▁th', 'ố', 'ng', '>', '▁before', '▁any', '▁coding', '▁begins', '.']])
2026-04-23 10:20:48,662 - INFO - ('translated_batches', [TranslationResult(hypotheses=[['▁Ư', 'u', '▁thế', '▁2:', '▁cung', '▁cấp', '▁một', '▁dòng', '▁thời', '▁gian', '▁và', '▁ngân', '▁sách', '▁rõ', '▁ràng', '▁và', '▁ổn', '▁định', '▁cho', '▁toàn', '▁bộ', '▁<', 'i', '>', 'L', 'i', 'ề', 'n', '▁t', 'ên', '▁h', '▁lo', 'ng', '>', '▁trước', '▁khi', '▁bất', '▁kỳ', '▁trình', '▁mã', '▁nào', '▁bắt', '▁đầu', '.']], scores=[-17.797550201416016], attention=[], logits=[])])
2026-04-23 10:20:48,663 - INFO - ('value_hypotheses:', [('Ưu thế 2: cung cấp một dòng thời gian và ngân sách rõ ràng và ổn định cho toàn bộ <i>Liền tên h long> trước khi bất kỳ trình mã nào bắt đầu.', -17.797550201416016)])
2026-04-23 10:20:48,663 - INFO - ('translated_paragraphs:', [[('Ưu thế 2: cung cấp một dòng thời gian và ngân sách rõ ràng và ổn định cho toàn bộ <i>Liền tên h long> trước khi bất kỳ trình mã nào bắt đầu.', -17.797550201416016)]])
2026-04-23 10:20:48,663 - INFO - ('hypotheses_to_return:', [('Ưu thế 2: cung cấp một dòng thời gian và ngân sách rõ ràng và ổn định cho toàn bộ <i>Liền tên h long> trước khi bất kỳ trình mã nào bắt đầu.', -17.797550201416016)])
2026-04-23 10:20:48,663 - INFO - ('paragraphs:', ['\u200bDisadvantage 1: High "Big Bang" integration risk at the end; if the system fails the load test of <Nhắc lại rủi ro chịu tải - VD: 1,000 concurrent users>, it is too late and too costly to rebuild the architecture.'])
2026-04-23 10:20:48,663 - INFO - ('apply_packaged_translation', '\u200bDisadvantage 1: High "Big Bang" integration risk at the end; if the system fails the load test of <Nhắc lại rủi ro chịu tải - VD: 1,000 concurrent users>, it is too late and too costly to rebuild the architecture.')
2026-04-23 10:20:48,663 - INFO - ('sentences', ['\u200bDisadvantage 1: High "Big Bang" integration risk at the end; if the system fails the load test of <Nhắc lại rủi ro chịu tải - VD: 1,000 concurrent users>, it is too late and too costly to rebuild the architecture.'])
2026-04-23 10:20:48,664 - INFO - ('tokenized', [['▁Dis', 'ad', 'vantage', '▁1:', '▁High', '▁"', 'Big', '▁Bang', '"', '▁integration', '▁risk', '▁at', '▁the', '▁end', ';', '▁if', '▁the', '▁system', '▁fails', '▁the', '▁load', '▁test', '▁of', '▁<', 'N', 'h', 'ắ', 'c', '▁l', 'ạ', 'i', '▁r', 'ủ', 'i', '▁ro', '▁ch', 'ị', 'u', '▁t', 'ả', 'i', '▁-', '▁V', 'D', ':', '▁1,000', '▁con', 'current', '▁users', '>', ',', '▁it', '▁is', '▁too', '▁late', '▁and', '▁too', '▁costly', '▁to', '▁rebuild', '▁the', '▁architecture', '.']])
2026-04-23 10:20:49,318 - INFO - ('translated_batches', [TranslationResult(hypotheses=[['▁Giảm', '▁ưu', '▁thế', '▁1:', '▁nguy', '▁cơ', '▁tích', '▁hợp', '▁cao', '▁"', 'B', 'ầy', '▁nổ', '"', '▁ở', '▁cuối', ';', '▁nếu', '▁hệ', '▁thống', '▁không', '▁thể', '▁kiểm', '▁tra', '▁tải', '▁của', '▁<', 'N', 'h', '▁vội', '▁vàng', '▁<', 'i', '>', 'N', 'ish', 'c', '▁l', '▁lo', 'ck', 'i', '</', 'i', '>']], scores=[-28.64682960510254], attention=[], logits=[])])
2026-04-23 10:20:49,318 - INFO - ('value_hypotheses:', [('Giảm ưu thế 1: nguy cơ tích hợp cao "Bầy nổ" ở cuối; nếu hệ thống không thể kiểm tra tải của <Nh vội vàng <i>Nishc l locki</i>', -28.64682960510254)])
2026-04-23 10:20:49,319 - INFO - ('translated_paragraphs:', [[('Giảm ưu thế 1: nguy cơ tích hợp cao "Bầy nổ" ở cuối; nếu hệ thống không thể kiểm tra tải của <Nh vội vàng <i>Nishc l locki</i>', -28.64682960510254)]])
2026-04-23 10:20:49,319 - INFO - ('hypotheses_to_return:', [('Giảm ưu thế 1: nguy cơ tích hợp cao "Bầy nổ" ở cuối; nếu hệ thống không thể kiểm tra tải của <Nh vội vàng <i>Nishc l locki</i>', -28.64682960510254)])
2026-04-23 10:20:49,319 - INFO - ('paragraphs:', ['\u200bDisadvantage 2: No early working software is available for <Nhắc lại 1 nhóm user - VD: Lecturers> to test, leading to a high risk of poor usability upon final release.'])
2026-04-23 10:20:49,319 - INFO - ('apply_packaged_translation', '\u200bDisadvantage 2: No early working software is available for <Nhắc lại 1 nhóm user - VD: Lecturers> to test, leading to a high risk of poor usability upon final release.')
2026-04-23 10:20:49,319 - INFO - ('sentences', ['\u200bDisadvantage 2: No early working software is available for <Nhắc lại 1 nhóm user - VD: Lecturers> to test, leading to a high risk of poor usability upon final release.'])
2026-04-23 10:20:49,319 - INFO - ('tokenized', [['▁Dis', 'ad', 'vantage', '▁2:', '▁No', '▁early', '▁working', '▁software', '▁is', '▁available', '▁for', '▁<', 'N', 'h', 'ắ', 'c', '▁l', 'ạ', 'i', '▁1', '▁nh', 'ó', 'm', '▁user', '▁-', '▁V', 'D', ':', '▁Le', 'cture', 'rs', '>', '▁to', '▁test', ',', '▁leading', '▁to', '▁a', '▁high', '▁risk', '▁of', '▁poor', '▁us', 'ability', '▁upon', '▁final', '▁release', '.']])
2026-04-23 10:20:49,785 - INFO - ('translated_batches', [TranslationResult(hypotheses=[['▁Lợi', '▁thế', '▁2:', '▁Không', '▁có', '▁phần', '▁mềm', '▁làm', '▁việc', '▁đầu', '▁tiên', '▁nào', '▁có', '▁sẵn', '▁cho', '▁người', '▁dùng', '▁<', 'N', 'h', '▁vỗ', '▁tay', '▁cho', '▁<', '▁n', 'h', '▁vỗ', '▁tay', '▁l', '>', '▁-', '▁V', 'D', ':', '▁kiểm', '▁tra', ',', '▁dẫn', '▁đến', '▁nguy', '▁cơ', '▁người', '▁dùng', '▁nghèo', '▁khi', '▁được', '▁thả', '▁lần', '▁cuối', '.']], scores=[-23.629026412963867], attention=[], logits=[])])
2026-04-23 10:20:49,785 - INFO - ('value_hypotheses:', [('Lợi thế 2: Không có phần mềm làm việc đầu tiên nào có sẵn cho người dùng <Nh vỗ tay cho < nh vỗ tay l> - VD: kiểm tra, dẫn đến nguy cơ người dùng nghèo khi được thả lần cuối.', -23.629026412963867)])
2026-04-23 10:20:49,785 - INFO - ('translated_paragraphs:', [[('Lợi thế 2: Không có phần mềm làm việc đầu tiên nào có sẵn cho người dùng <Nh vỗ tay cho < nh vỗ tay l> - VD: kiểm tra, dẫn đến nguy cơ người dùng nghèo khi được thả lần cuối.', -23.629026412963867)]])
2026-04-23 10:20:49,785 - INFO - ('hypotheses_to_return:', [('Lợi thế 2: Không có phần mềm làm việc đầu tiên nào có sẵn cho người dùng <Nh vỗ tay cho < nh vỗ tay l> - VD: kiểm tra, dẫn đến nguy cơ người dùng nghèo khi được thả lần cuối.', -23.629026412963867)])
2026-04-23 10:20:49,786 - INFO - ('paragraphs:', [''])
2026-04-23 10:20:49,786 - INFO - ('apply_packaged_translation', '')
2026-04-23 10:20:49,786 - INFO - ('sentences', [])
2026-04-23 10:20:49,786 - INFO - ('tokenized', [])
2026-04-23 10:20:49,786 - INFO - ('translated_batches', [])
2026-04-23 10:20:49,786 - INFO - ('value_hypotheses:', [('', 0)])
2026-04-23 10:20:49,786 - INFO - ('translated_paragraphs:', [[('', 0)]])
2026-04-23 10:20:49,786 - INFO - ('hypotheses_to_return:', [('', 0)])
2026-04-23 10:20:49,786 - INFO - ('paragraphs:', [''])
2026-04-23 10:20:49,786 - INFO - ('apply_packaged_translation', '')
2026-04-23 10:20:49,786 - INFO - ('sentences', [])
2026-04-23 10:20:49,786 - INFO - ('tokenized', [])
2026-04-23 10:20:49,786 - INFO - ('translated_batches', [])
2026-04-23 10:20:49,786 - INFO - ('value_hypotheses:', [('', 0)])
2026-04-23 10:20:49,786 - INFO - ('translated_paragraphs:', [[('', 0)]])
2026-04-23 10:20:49,786 - INFO - ('hypotheses_to_return:', [('', 0)])
2026-04-23 10:21:36,673 - INFO - ('Translating from English to Vietnamese: uestion 1.1: Identify and justify the SDLC model (1.0 points)\n\n\u200bI strongly recommend using the Agile (Scrum) methodology as the most appropriate SDLC for the <Điền tên hệ thống trong đề - VD: Course Registration System (CRS)> project. My justification is based on the following specific constraints of the case study:\n\n\u200b1. Requirements stability at the outset:\n\nAlthough the core business logic is known because the organization is currently using a <Điền quy trình cũ đang dùng - VD: paper-based manual process>, the specific requirements for UI/UX and automated workflows are not fully stable. Since this is a new system, requirements will inevitably evolve once users interact with the actual software. Agile embraces these changes effectively.\n\n\u200b2. Iterative delivery and stakeholder feedback:\n\nThe system serves multiple distinct user groups, including <Liệt kê 3-4 nhóm user trong đề - VD: Students, Lecturers, Academic Staff, System Admin>. Agile allows the development team to deliver functional modules iteratively (e.g., in 2-4 week Sprints). This ensures regular feedback from all stakeholders, guaranteeing the final product meets actual operational needs before full deployment.\n\n\u200b3. Risk factors specific to the project:\n\nThe project faces critical technical risks, specifically the requirement to <Liệt kê rủi ro 1 từ đề - VD: handle 1,000 concurrent users with < 3s response time> and <Liệt kê rủi ro 2 từ đề - VD: secure sensitive data using TLS 1.2+ and RBAC>. Agile mitigates these risks perfectly by allowing the team to build early MVPs (Minimum Viable Products) to conduct performance and security testing in early sprints, rather than discovering architecture failures at the end of the project.\n\n\n\n\n\n4. Team size, duration, and change-control process:\n\nGiven the project scale to serve <Quy mô từ đề - VD: 8,000 students>, an iterative approach allows a medium-sized development team to manage the workload efficiently over the project duration. Even if the <Tên tổ chức trong đề - VD: University> has a strict change-control process, Agile’s Sprint Review and Sprint Planning ceremonies provide formal, transparent checkpoints to negotiate, approve, and track changes systematically.\n\n\u200bQuestion 1.2: Alternative model and comparison (1.0 points)\n\n\u200bI select the Waterfall Model as the alternative SDLC. Below is the comparison between Agile (Scrum) and Waterfall in the context of the <Điền tên hệ thống> project:\n\n\u200bA. Agile (Scrum) - Chosen Model:\n\n\u200bAdvantage 1: Mitigates high-impact technical risks (such as <Nhắc lại 1 rủi ro kỹ thuật - VD: server overload during peak registration> ) early through continuous testing in each sprint.\n\u200bAdvantage 2: Accommodates changing requirements and UI/UX feedback from <Nhắc lại 1 nhóm user - VD: Students> continuously during development.\n\u200bDisadvantage 1: Requires high, continuous time commitment from the Product Owner (representing the <Tên tổ chức - VD: University administration> ) to review working software every sprint.\n\u200bDisadvantage 2: The final, total budget and exact delivery date for all features can be difficult to fix upfront due to the flexible nature of requirements.\n\u200bB. Waterfall - Alternative Model:\n\n\u200bAdvantage 1: Highly documented from the beginning, which aligns well with the formal and administrative nature of a <Tên tổ chức - VD: University>.\n\u200bAdvantage 2: Provides a clear, fixed upfront timeline and budget for the entire <Điền tên hệ thống> before any coding begins.\n\u200bDisadvantage 1: High "Big Bang" integration risk at the end; if the system fails the load test of <Nhắc lại rủi ro chịu tải - VD: 1,000 concurrent users>, it is too late and too costly to rebuild the architecture.\n\u200bDisadvantage 2: No early working software is available for <Nhắc lại 1 nhóm user - VD: Lecturers> to test, leading to a high risk of poor usability upon final release.',)
2026-04-23 10:21:36,675 - INFO - ('paragraphs:', ['uestion 1.1: Identify and justify the SDLC model (1.0 points)'])
2026-04-23 10:21:36,675 - INFO - ('apply_packaged_translation', 'uestion 1.1: Identify and justify the SDLC model (1.0 points)')
2026-04-23 10:21:36,675 - INFO - ('sentences', ['uestion 1.1: Identify and justify the SDLC model (1.0 points)'])
2026-04-23 10:21:36,676 - INFO - ('tokenized', [['▁u', 'est', 'ion', '▁1.1', ':', '▁Identify', '▁and', '▁justify', '▁the', '▁SDL', 'C', '▁model', '▁(1', '.', '0', '▁points', ')']])
2026-04-23 10:21:36,843 - INFO - ('translated_batches', [TranslationResult(hypotheses=[['▁U', 'est', 'ion', '▁1.1', ':', '▁Xác', '▁định', '▁và', '▁biện', '▁minh', '▁mô', '▁hình', '▁SDL', 'C', '▁(1', '.', '▁0', '▁điểm', ')']], scores=[-3.4042279720306396], attention=[], logits=[])])
2026-04-23 10:21:36,844 - INFO - ('value_hypotheses:', [('Uestion 1.1: Xác định và biện minh mô hình SDLC (1. 0 điểm)', -3.4042279720306396)])
2026-04-23 10:21:36,844 - INFO - ('translated_paragraphs:', [[('Uestion 1.1: Xác định và biện minh mô hình SDLC (1. 0 điểm)', -3.4042279720306396)]])
2026-04-23 10:21:36,844 - INFO - ('hypotheses_to_return:', [('Uestion 1.1: Xác định và biện minh mô hình SDLC (1. 0 điểm)', -3.4042279720306396)])
2026-04-23 10:21:36,844 - INFO - ('paragraphs:', ['\u200bI strongly recommend using the Agile (Scrum) methodology as the most appropriate SDLC for the <Điền tên hệ thống trong đề - VD: Course Registration System (CRS)> project. My justification is based on the following specific constraints of the case study:'])
2026-04-23 10:21:36,844 - INFO - ('apply_packaged_translation', '\u200bI strongly recommend using the Agile (Scrum) methodology as the most appropriate SDLC for the <Điền tên hệ thống trong đề - VD: Course Registration System (CRS)> project. My justification is based on the following specific constraints of the case study:')
2026-04-23 10:21:36,845 - INFO - ('sentences', ['\u200bI strongly recommend using the Agile (Scrum) methodology as the most appropriate SDLC for the <Điền tên hệ thống trong đề - VD: Course Registration System (CRS)> project.', 'My justification is based on the following specific constraints of the case study:'])
2026-04-23 10:21:36,845 - INFO - ('tokenized', [['▁I', '▁strongly', '▁recommend', '▁using', '▁the', '▁Ag', 'ile', '▁(', 'S', 'c', 'rum', ')', '▁method', 'ology', '▁as', '▁the', '▁most', '▁appropriate', '▁SDL', 'C', '▁for', '▁the', '▁<', 'Đ', 'i', 'ề', 'n', '▁t', 'ên', '▁h', 'ệ', '▁th', 'ố', 'ng', '▁tro', 'ng', '▁đ', 'ề', '▁-', '▁V', 'D', ':', '▁Course', '▁Regis', 't', 'ration', '▁System', '▁(', 'CR', 'S', ')', '>', '▁project', '.'], ['▁My', '▁justification', '▁is', '▁based', '▁on', '▁the', '▁following', '▁specific', '▁constraints', '▁of', '▁the', '▁case', '▁study', ':']])
2026-04-23 10:21:37,660 - INFO - ('translated_batches', [TranslationResult(hypotheses=[['▁Tôi', '▁khuyên', '▁nên', '▁sử', '▁dụng', '▁phương', '▁pháp', '▁Ag', 'ile', '▁(', 'S', 'c', 'rum', ')', '▁như', '▁là', '▁dự', '▁án', '▁SDL', 'C', '▁thích', '▁hợp', '▁nhất', '▁cho', '▁dự', '▁án', '▁<', 'i', '>', 'S', 'i', 'ề', 'n', '▁t', 'ên', '▁h', '>', '▁<', 'i', '>', 'Đ', 'H', '▁[“', 'L', 'H', 'E', 'E', 'E', 'H', '▁h', '</', 'i', '>']], scores=[-28.805036544799805], attention=[], logits=[]), TranslationResult(hypotheses=[['▁Lời', '▁biện', '▁hộ', '▁của', '▁tôi', '▁dựa', '▁trên', '▁những', '▁hạn', '▁chế', '▁cụ', '▁thể', '▁sau', '▁đây', '▁của', '▁nghiên', '▁cứu', ':']], scores=[-4.436220169067383], attention=[], logits=[])])
2026-04-23 10:21:37,661 - INFO - ('value_hypotheses:', [('Tôi khuyên nên sử dụng phương pháp Agile (Scrum) như là dự án SDLC thích hợp nhất cho dự án <i>Siền tên h> <i>ĐH [“LHEEEH h</i> Lời biện hộ của tôi dựa trên những hạn chế cụ thể sau đây của nghiên cứu:', -33.24125671386719)])
2026-04-23 10:21:37,661 - INFO - ('translated_paragraphs:', [[('Tôi khuyên nên sử dụng phương pháp Agile (Scrum) như là dự án SDLC thích hợp nhất cho dự án <i>Siền tên h> <i>ĐH [“LHEEEH h</i> Lời biện hộ của tôi dựa trên những hạn chế cụ thể sau đây của nghiên cứu:', -33.24125671386719)]])
2026-04-23 10:21:37,661 - INFO - ('hypotheses_to_return:', [('Tôi khuyên nên sử dụng phương pháp Agile (Scrum) như là dự án SDLC thích hợp nhất cho dự án <i>Siền tên h> <i>ĐH [“LHEEEH h</i> Lời biện hộ của tôi dựa trên những hạn chế cụ thể sau đây của nghiên cứu:', -33.24125671386719)])
2026-04-23 10:21:37,661 - INFO - ('paragraphs:', ['\u200b1. Requirements stability at the outset:'])
2026-04-23 10:21:37,661 - INFO - ('apply_packaged_translation', '\u200b1. Requirements stability at the outset:')
2026-04-23 10:21:37,661 - INFO - ('sentences', ['\u200b1.', 'Requirements stability at the outset:'])
2026-04-23 10:21:37,661 - INFO - ('tokenized', [['▁1', '.'], ['▁Require', 'ment', 's', '▁stability', '▁at', '▁the', '▁outset', ':']])
2026-04-23 10:21:37,744 - INFO - ('translated_batches', [TranslationResult(hypotheses=[['▁1', '.']], scores=[-0.688576877117157], attention=[], logits=[]), TranslationResult(hypotheses=[['▁Cần', '▁phải', '▁ổn', '▁định', '▁ngay', '▁từ', '▁đầu', ':']], scores=[-3.5394699573516846], attention=[], logits=[])])
2026-04-23 10:21:37,745 - INFO - ('value_hypotheses:', [('1. Cần phải ổn định ngay từ đầu:', -4.2280468344688416)])
2026-04-23 10:21:37,745 - INFO - ('translated_paragraphs:', [[('1. Cần phải ổn định ngay từ đầu:', -4.2280468344688416)]])
2026-04-23 10:21:37,745 - INFO - ('hypotheses_to_return:', [('1. Cần phải ổn định ngay từ đầu:', -4.2280468344688416)])
2026-04-23 10:21:37,745 - INFO - ('paragraphs:', ['Although the core business logic is known because the organization is currently using a <Điền quy trình cũ đang dùng - VD: paper-based manual process>, the specific requirements for UI/UX and automated workflows are not fully stable. Since this is a new system, requirements will inevitably evolve once users interact with the actual software. Agile embraces these changes effectively.'])
2026-04-23 10:21:37,745 - INFO - ('apply_packaged_translation', 'Although the core business logic is known because the organization is currently using a <Điền quy trình cũ đang dùng - VD: paper-based manual process>, the specific requirements for UI/UX and automated workflows are not fully stable. Since this is a new system, requirements will inevitably evolve once users interact with the actual software. Agile embraces these changes effectively.')
2026-04-23 10:21:37,745 - INFO - ('sentences', ['Although the core business logic is known because the organization is currently using a <Điền quy trình cũ đang dùng - VD: paper-based manual process>, the specific requirements for UI/UX and automated workflows are not fully stable.', 'Since this is a new system, requirements will inevitably evolve once users interact with the actual software.', 'Agile embraces these changes effectively.'])
2026-04-23 10:21:37,746 - INFO - ('tokenized', [['▁Although', '▁the', '▁core', '▁business', '▁logic', '▁is', '▁known', '▁because', '▁the', '▁organization', '▁is', '▁currently', '▁using', '▁a', '▁<', 'Đ', 'i', 'ề', 'n', '▁qu', 'y', '▁tr', 'ì', 'nh', '▁c', 'ũ', '▁đ', 'ang', '▁d', 'ù', 'ng', '▁-', '▁V', 'D', ':', '▁paper', '-', 'based', '▁manual', '▁process', '>', ',', '▁the', '▁specific', '▁requirements', '▁for', '▁U', 'I', '/', 'U', 'X', '▁and', '▁auto', 'm', 'ated', '▁work', 'flow', 's', '▁are', '▁not', '▁fully', '▁stable', '.'], ['▁Since', '▁this', '▁is', '▁a', '▁new', '▁system', ',', '▁requirements', '▁will', '▁inevitably', '▁evolve', '▁once', '▁users', '▁interact', '▁with', '▁the', '▁actual', '▁software', '.'], ['▁Ag', 'ile', '▁embrace', 's', '▁these', '▁changes', '▁effectively', '.']])
2026-04-23 10:21:38,448 - INFO - ('translated_batches', [TranslationResult(hypotheses=[['▁Mặc', '▁dù', '▁lập', '▁luận', '▁kinh', '▁doanh', '▁cốt', '▁lõi', '▁được', '▁biết', '▁đến', '▁bởi', '▁vì', '▁tổ', '▁chức', '▁hiện', '▁đang', '▁sử', '▁dụng', '▁một', '▁luồng', '▁công', '▁việc', '▁đặc', '▁trưng', '▁của', '▁U', 'I', '/', 'U', 'X', '▁và', '▁tự', '▁động']], scores=[-9.767168045043945], attention=[], logits=[]), TranslationResult(hypotheses=[['▁Vì', '▁đây', '▁là', '▁một', '▁hệ', '▁thống', '▁mới', ',', '▁nên', '▁điều', '▁kiện', '▁sẽ', '▁tiến', '▁hóa', '▁khi', '▁người', '▁dùng', '▁tương', '▁tác', '▁với', '▁phần', '▁mềm', '▁thực', '▁sự', '.']], scores=[-5.829043388366699], attention=[], logits=[]), TranslationResult(hypotheses=[['▁Sự', '▁đau', '▁khổ', '▁bao', '▁gồm', '▁những', '▁thay', '▁đổi', '▁này', '▁một', '▁cách', '▁hữu', '▁hiệu', '.']], scores=[-5.777163982391357], attention=[], logits=[])])
2026-04-23 10:21:38,449 - INFO - ('value_hypotheses:', [('Mặc dù lập luận kinh doanh cốt lõi được biết đến bởi vì tổ chức hiện đang sử dụng một luồng công việc đặc trưng của UI/UX và tự động Vì đây là một hệ thống mới, nên điều kiện sẽ tiến hóa khi người dùng tương tác với phần mềm thực sự. Sự đau khổ bao gồm những thay đổi này một cách hữu hiệu.', -21.373375415802002)])
2026-04-23 10:21:38,449 - INFO - ('translated_paragraphs:', [[('Mặc dù lập luận kinh doanh cốt lõi được biết đến bởi vì tổ chức hiện đang sử dụng một luồng công việc đặc trưng của UI/UX và tự động Vì đây là một hệ thống mới, nên điều kiện sẽ tiến hóa khi người dùng tương tác với phần mềm thực sự. Sự đau khổ bao gồm những thay đổi này một cách hữu hiệu.', -21.373375415802002)]])
2026-04-23 10:21:38,449 - INFO - ('hypotheses_to_return:', [('Mặc dù lập luận kinh doanh cốt lõi được biết đến bởi vì tổ chức hiện đang sử dụng một luồng công việc đặc trưng của UI/UX và tự động Vì đây là một hệ thống mới, nên điều kiện sẽ tiến hóa khi người dùng tương tác với phần mềm thực sự. Sự đau khổ bao gồm những thay đổi này một cách hữu hiệu.', -21.373375415802002)])
2026-04-23 10:21:38,450 - INFO - ('paragraphs:', ['\u200b2. Iterative delivery and stakeholder feedback:'])
2026-04-23 10:21:38,450 - INFO - ('apply_packaged_translation', '\u200b2. Iterative delivery and stakeholder feedback:')
2026-04-23 10:21:38,450 - INFO - ('sentences', ['\u200b2.', 'Iterative delivery and stakeholder feedback:'])
2026-04-23 10:21:38,450 - INFO - ('tokenized', [['▁2.'], ['▁It', 'er', 'ative', '▁delivery', '▁and', '▁stake', 'holder', '▁feedback', ':']])
2026-04-23 10:21:38,544 - INFO - ('translated_batches', [TranslationResult(hypotheses=[['▁2', '.']], scores=[-0.34921616315841675], attention=[], logits=[]), TranslationResult(hypotheses=[['▁Yêu', '▁cầu', '▁giao', '▁hàng', '▁và', '▁phản', '▁hồi', '▁của', '▁người', '▁giữ', '▁vốn', ':']], scores=[-6.5223846435546875], attention=[], logits=[])])
2026-04-23 10:21:38,544 - INFO - ('value_hypotheses:', [('2. Yêu cầu giao hàng và phản hồi của người giữ vốn:', -6.871600806713104)])
2026-04-23 10:21:38,544 - INFO - ('translated_paragraphs:', [[('2. Yêu cầu giao hàng và phản hồi của người giữ vốn:', -6.871600806713104)]])
2026-04-23 10:21:38,544 - INFO - ('hypotheses_to_return:', [('2. Yêu cầu giao hàng và phản hồi của người giữ vốn:', -6.871600806713104)])
2026-04-23 10:21:38,544 - INFO - ('paragraphs:', ['The system serves multiple distinct user groups, including <Liệt kê 3-4 nhóm user trong đề - VD: Students, Lecturers, Academic Staff, System Admin>. Agile allows the development team to deliver functional modules iteratively (e.g., in 2-4 week Sprints). This ensures regular feedback from all stakeholders, guaranteeing the final product meets actual operational needs before full deployment.'])
2026-04-23 10:21:38,544 - INFO - ('apply_packaged_translation', 'The system serves multiple distinct user groups, including <Liệt kê 3-4 nhóm user trong đề - VD: Students, Lecturers, Academic Staff, System Admin>. Agile allows the development team to deliver functional modules iteratively (e.g., in 2-4 week Sprints). This ensures regular feedback from all stakeholders, guaranteeing the final product meets actual operational needs before full deployment.')
2026-04-23 10:21:38,544 - INFO - ('sentences', ['The system serves multiple distinct user groups, including <Liệt kê 3-4 nhóm user trong đề - VD: Students, Lecturers, Academic Staff, System Admin>.', 'Agile allows the development team to deliver functional modules iteratively (e.g., in 2-4 week Sprints).', 'This ensures regular feedback from all stakeholders, guaranteeing the final product meets actual operational needs before full deployment.'])
2026-04-23 10:21:38,545 - INFO - ('tokenized', [['▁The', '▁system', '▁serves', '▁multiple', '▁distinct', '▁user', '▁groups', ',', '▁including', '▁<', 'Li', 'ệ', 't', '▁k', 'ê', '▁3', '-4', '▁nh', 'ó', 'm', '▁user', '▁tro', 'ng', '▁đ', 'ề', '▁-', '▁V', 'D', ':', '▁Students', ',', '▁Le', 'cture', 'rs', ',', '▁A', 'cade', 'm', 'ic', '▁Staff', ',', '▁System', '▁Ad', 'min', '>', '.'], ['▁Ag', 'ile', '▁allows', '▁the', '▁development', '▁team', '▁to', '▁deliver', '▁functional', '▁module', 's', '▁it', 'er', 'ative', 'ly', '▁(', 'e', '.', 'g', '.', ',', '▁in', '▁2', '-4', '▁week', '▁S', 'print', 's', ')', '.'], ['▁This', '▁ensure', 's', '▁regular', '▁feedback', '▁from', '▁all', '▁stake', 'holder', 's', ',', '▁guarantee', 'ing', '▁the', '▁final', '▁product', '▁meet', 's', '▁actual', '▁operational', '▁needs', '▁before', '▁full', '▁deployment', '.']])
2026-04-23 10:21:39,557 - INFO - ('translated_batches', [TranslationResult(hypotheses=[['▁Hệ', '▁thống', '▁này', '▁phục', '▁vụ', '▁nhiều', '▁nhóm', '▁người', '▁dùng', '▁riêng', '▁biệt', ',', '▁bao', '▁gồm', '▁<', 'Li', '▁free', 't', '▁3', '-4', '▁nh', 'ó', 'm', '▁user', '▁tro', 'ng', '▁đ', 'G', '▁-', '▁V', 'D', ':', '▁Sinh', '▁viên', ',', '▁kiến', '▁trúc', '▁sư', ',', '▁bộ', '▁phận', '▁nghiên', '▁cứu', ',', '▁Hệ', '▁thống', '▁Ad', 'min', '>', '.']], scores=[-16.748394012451172], attention=[], logits=[]), TranslationResult(hypotheses=[['▁Ag', 'ile', '▁cho', '▁phép', '▁đội', '▁phát', '▁triển', '▁cung', '▁cấp', '▁các', '▁mô', '-', '▁đun', '▁chức', '▁năng', '▁nhất', '▁định', '▁(', 'v', '.', '▁d', '.', ',', '▁trong', '▁2', '-4', '▁tuần', '▁S', 'print', 's', ').']], scores=[-5.0822296142578125], attention=[], logits=[]), TranslationResult(hypotheses=[['▁Điều', '▁này', '▁đảm', '▁bảo', '▁phản', '▁hồi', '▁thường', '▁xuyên', '▁từ', '▁tất', '▁cả', '▁các', '▁cổ', '▁đông', ',', '▁đảm', '▁bảo', '▁sản', '▁phẩm', '▁cuối', '▁cùng', '▁đáp', '▁ứng', '▁nhu', '▁cầu', '▁hoạt', '▁động', '▁thực', '▁tế', '▁trước', '▁khi', '▁triển', '▁khai', '▁toàn', '▁bộ', '.']], scores=[-6.533949851989746], attention=[], logits=[])])
2026-04-23 10:21:39,558 - INFO - ('value_hypotheses:', [('Hệ thống này phục vụ nhiều nhóm người dùng riêng biệt, bao gồm <Li freet 3-4 nhóm user trong đG - VD: Sinh viên, kiến trúc sư, bộ phận nghiên cứu, Hệ thống Admin>. Agile cho phép đội phát triển cung cấp các mô- đun chức năng nhất định (v. d., trong 2-4 tuần Sprints). Điều này đảm bảo phản hồi thường xuyên từ tất cả các cổ đông, đảm bảo sản phẩm cuối cùng đáp ứng nhu cầu hoạt động thực tế trước khi triển khai toàn bộ.', -28.36457347869873)])
2026-04-23 10:21:39,558 - INFO - ('translated_paragraphs:', [[('Hệ thống này phục vụ nhiều nhóm người dùng riêng biệt, bao gồm <Li freet 3-4 nhóm user trong đG - VD: Sinh viên, kiến trúc sư, bộ phận nghiên cứu, Hệ thống Admin>. Agile cho phép đội phát triển cung cấp các mô- đun chức năng nhất định (v. d., trong 2-4 tuần Sprints). Điều này đảm bảo phản hồi thường xuyên từ tất cả các cổ đông, đảm bảo sản phẩm cuối cùng đáp ứng nhu cầu hoạt động thực tế trước khi triển khai toàn bộ.', -28.36457347869873)]])
2026-04-23 10:21:39,558 - INFO - ('hypotheses_to_return:', [('Hệ thống này phục vụ nhiều nhóm người dùng riêng biệt, bao gồm <Li freet 3-4 nhóm user trong đG - VD: Sinh viên, kiến trúc sư, bộ phận nghiên cứu, Hệ thống Admin>. Agile cho phép đội phát triển cung cấp các mô- đun chức năng nhất định (v. d., trong 2-4 tuần Sprints). Điều này đảm bảo phản hồi thường xuyên từ tất cả các cổ đông, đảm bảo sản phẩm cuối cùng đáp ứng nhu cầu hoạt động thực tế trước khi triển khai toàn bộ.', -28.36457347869873)])
2026-04-23 10:21:39,558 - INFO - ('paragraphs:', ['\u200b3. Risk factors specific to the project:'])
2026-04-23 10:21:39,558 - INFO - ('apply_packaged_translation', '\u200b3. Risk factors specific to the project:')
2026-04-23 10:21:39,558 - INFO - ('sentences', ['\u200b3.', 'Risk factors specific to the project:'])
2026-04-23 10:21:39,558 - INFO - ('tokenized', [['▁3.'], ['▁Risk', '▁factors', '▁specific', '▁to', '▁the', '▁project', ':']])
2026-04-23 10:21:39,671 - INFO - ('translated_batches', [TranslationResult(hypotheses=[['▁3.']], scores=[-1.2137447595596313], attention=[], logits=[]), TranslationResult(hypotheses=[['▁Yếu', '▁tố', '▁rủi', '▁ro', '▁đặc', '▁biệt', '▁cho', '▁dự', '▁án', ':']], scores=[-2.8375766277313232], attention=[], logits=[])])
2026-04-23 10:21:39,672 - INFO - ('value_hypotheses:', [('3. Yếu tố rủi ro đặc biệt cho dự án:', -4.051321387290955)])
2026-04-23 10:21:39,672 - INFO - ('translated_paragraphs:', [[('3. Yếu tố rủi ro đặc biệt cho dự án:', -4.051321387290955)]])
2026-04-23 10:21:39,672 - INFO - ('hypotheses_to_return:', [('3. Yếu tố rủi ro đặc biệt cho dự án:', -4.051321387290955)])
2026-04-23 10:21:39,672 - INFO - ('paragraphs:', ['The project faces critical technical risks, specifically the requirement to <Liệt kê rủi ro 1 từ đề - VD: handle 1,000 concurrent users with < 3s response time> and <Liệt kê rủi ro 2 từ đề - VD: secure sensitive data using TLS 1.2+ and RBAC>. Agile mitigates these risks perfectly by allowing the team to build early MVPs (Minimum Viable Products) to conduct performance and security testing in early sprints, rather than discovering architecture failures at the end of the project.'])
2026-04-23 10:21:39,672 - INFO - ('apply_packaged_translation', 'The project faces critical technical risks, specifically the requirement to <Liệt kê rủi ro 1 từ đề - VD: handle 1,000 concurrent users with < 3s response time> and <Liệt kê rủi ro 2 từ đề - VD: secure sensitive data using TLS 1.2+ and RBAC>. Agile mitigates these risks perfectly by allowing the team to build early MVPs (Minimum Viable Products) to conduct performance and security testing in early sprints, rather than discovering architecture failures at the end of the project.')
2026-04-23 10:21:39,672 - INFO - ('sentences', ['The project faces critical technical risks, specifically the requirement to <Liệt kê rủi ro 1 từ đề - VD: handle 1,000 concurrent users with < 3s response time> and <Liệt kê rủi ro 2 từ đề - VD: secure sensitive data using TLS 1.2+ and RBAC>.', 'Agile mitigates these risks perfectly by allowing the team to build early MVPs (Minimum Viable Products) to conduct performance and security testing in early sprints, rather than discovering architecture failures at the end of the project.'])
2026-04-23 10:21:39,673 - INFO - ('tokenized', [['▁The', '▁project', '▁faces', '▁critical', '▁technical', '▁risks', ',', '▁specifically', '▁the', '▁requirement', '▁to', '▁<', 'Li', 'ệ', 't', '▁k', 'ê', '▁r', 'ủ', 'i', '▁ro', '▁1', '▁t', 'ừ', '▁đ', 'ề', '▁-', '▁V', 'D', ':', '▁handle', '▁1,000', '▁con', 'current', '▁users', '▁with', '▁<', '▁3', 's', '▁response', '▁time', '>', '▁and', '▁<', 'Li', 'ệ', 't', '▁k', 'ê', '▁r', 'ủ', 'i', '▁ro', '▁2', '▁t', 'ừ', '▁đ', 'ề', '▁-', '▁V', 'D', ':', '▁secure', '▁sensitive', '▁data', '▁using', '▁T', 'LS', '▁1.2', '+', '▁and', '▁R', 'BA', 'C', '>', '.'], ['▁Ag', 'ile', '▁mit', 'ig', 'ates', '▁these', '▁risks', '▁perfectly', '▁by', '▁allowing', '▁the', '▁team', '▁to', '▁build', '▁early', '▁M', 'V', 'P', 's', '▁(', 'Mi', 'nim', 'um', '▁Vi', 'able', '▁Produc', 't', 's', ')', '▁to', '▁conduct', '▁performance', '▁and', '▁security', '▁testing', '▁in', '▁early', '▁sprint', 's', ',', '▁rather', '▁than', '▁discovering', '▁architecture', '▁failures', '▁at', '▁the', '▁end', '▁of', '▁the', '▁project', '.']])
2026-04-23 10:21:41,395 - INFO - ('translated_batches', [TranslationResult(hypotheses=[['▁Dự', '▁án', '▁này', '▁phải', '▁đối', '▁mặt', '▁với', '▁những', '▁rủi', '▁ro', '▁kỹ', '▁thuật', '▁quan', '▁trọng', ',', '▁đặc', '▁biệt', '▁là', '▁yêu', '▁cầu', '▁đến', '▁<', 'Li', '▁lo', 'i', '>', 'Li', '▁lo', 'i', '>', '▁<', 'Li', '▁lo', 'i', '>', '*', 'Li', '▁lo', 'i', '>', '▁<', 'i', '>', 'Li', '▁lo', 'i', '>', '▁<', 'i', '>', 'S', 'lu', 'y', 'ê', '́', 'u', '▁thư', '́', 'c', '▁nhạy', '▁cảm', '▁bằng', '▁cách', '▁xử', '▁lý', '▁1000', '▁người', '▁dùng', '▁đồng', '▁thời', '▁<', '▁3', 's', '>', 'và', '▁<', 'i', '>', '*', 'Li', '▁đánh', '▁giá', '▁r', 'ê', '̀', 'i', '>']], scores=[-44.55305099487305], attention=[], logits=[]), TranslationResult(hypotheses=[['▁Ag', 'ile', '▁giảm', '▁thiểu', '▁những', '▁rủi', '▁ro', '▁này', '▁một', '▁cách', '▁hoàn', '▁hảo', '▁bằng', '▁cách', '▁cho', '▁phép', '▁đội', '▁xây', '▁dựng', '▁các', '▁sản', '▁phẩm', '▁đầu', '▁tiên', '▁của', '▁M', 'V', 'P', '▁(', 'M', 'nim', 'um', '▁Vi', 'able', ')', '▁để', '▁tiến', '▁hành', '▁các', '▁hoạt', '▁động', '▁và', '▁kiểm', '▁tra', '▁an', '▁ninh', '▁trong', '▁các', '▁cuộc', '▁chạy', '▁nước', '▁rút', '▁đầu', '▁tiên', ',', '▁thay', '▁vì', '▁khám', '▁phá', '▁sự', '▁thất', '▁bại', '▁của', '▁kiến', '▁trúc', '▁ở', '▁cuối', '▁dự', '▁án', '.']], scores=[-18.912738800048828], attention=[], logits=[])])
2026-04-23 10:21:41,396 - INFO - ('value_hypotheses:', [('Dự án này phải đối mặt với những rủi ro kỹ thuật quan trọng, đặc biệt là yêu cầu đến <Li loi>Li loi> <Li loi>*Li loi> <i>Li loi> <i>Sluyếu thức nhạy cảm bằng cách xử lý 1000 người dùng đồng thời < 3s>và <i>*Li đánh giá rềi> Agile giảm thiểu những rủi ro này một cách hoàn hảo bằng cách cho phép đội xây dựng các sản phẩm đầu tiên của MVP (Mnimum Viable) để tiến hành các hoạt động và kiểm tra an ninh trong các cuộc chạy nước rút đầu tiên, thay vì khám phá sự thất bại của kiến trúc ở cuối dự án.', -63.465789794921875)])
2026-04-23 10:21:41,396 - INFO - ('translated_paragraphs:', [[('Dự án này phải đối mặt với những rủi ro kỹ thuật quan trọng, đặc biệt là yêu cầu đến <Li loi>Li loi> <Li loi>*Li loi> <i>Li loi> <i>Sluyếu thức nhạy cảm bằng cách xử lý 1000 người dùng đồng thời < 3s>và <i>*Li đánh giá rềi> Agile giảm thiểu những rủi ro này một cách hoàn hảo bằng cách cho phép đội xây dựng các sản phẩm đầu tiên của MVP (Mnimum Viable) để tiến hành các hoạt động và kiểm tra an ninh trong các cuộc chạy nước rút đầu tiên, thay vì khám phá sự thất bại của kiến trúc ở cuối dự án.', -63.465789794921875)]])
2026-04-23 10:21:41,396 - INFO - ('hypotheses_to_return:', [('Dự án này phải đối mặt với những rủi ro kỹ thuật quan trọng, đặc biệt là yêu cầu đến <Li loi>Li loi> <Li loi>*Li loi> <i>Li loi> <i>Sluyếu thức nhạy cảm bằng cách xử lý 1000 người dùng đồng thời < 3s>và <i>*Li đánh giá rềi> Agile giảm thiểu những rủi ro này một cách hoàn hảo bằng cách cho phép đội xây dựng các sản phẩm đầu tiên của MVP (Mnimum Viable) để tiến hành các hoạt động và kiểm tra an ninh trong các cuộc chạy nước rút đầu tiên, thay vì khám phá sự thất bại của kiến trúc ở cuối dự án.', -63.465789794921875)])
2026-04-23 10:27:27,863 - INFO - ('Translating from English to Vietnamese: Highly documented from the beginning, which aligns well with the formal and administrative nature of a university that may require detailed documentation for audit and compliance purposes.',)
2026-04-23 10:27:27,891 - INFO - ('paragraphs:', ['Highly documented from the beginning, which aligns well with the formal and administrative nature of a university that may require detailed documentation for audit and compliance purposes.'])
2026-04-23 10:27:27,893 - INFO - ('apply_packaged_translation', 'Highly documented from the beginning, which aligns well with the formal and administrative nature of a university that may require detailed documentation for audit and compliance purposes.')
2026-04-23 10:27:27,896 - INFO - ('sentences', ['Highly documented from the beginning, which aligns well with the formal and administrative nature of a university that may require detailed documentation for audit and compliance purposes.'])
2026-04-23 10:27:27,909 - INFO - ('tokenized', [['▁High', 'ly', '▁documented', '▁from', '▁the', '▁beginning', ',', '▁which', '▁align', 's', '▁well', '▁with', '▁the', '▁formal', '▁and', '▁administrative', '▁nature', '▁of', '▁a', '▁university', '▁that', '▁may', '▁require', '▁detailed', '▁documentation', '▁for', '▁audit', '▁and', '▁compliance', '▁purposes', '.']])
2026-04-23 10:27:28,274 - INFO - ('translated_batches', [TranslationResult(hypotheses=[['▁Tài', '▁liệu', '▁được', '▁ghi', '▁nhận', '▁rất', '▁chính', '▁thức', '▁và', '▁chính', '▁thức', '▁của', '▁một', '▁trường', '▁đại', '▁học', '▁có', '▁thể', '▁đòi', '▁hỏi', '▁những', '▁tài', '▁liệu', '▁chi', '▁tiết', '▁về', '▁mục', '▁đích', '▁kiểm', '▁toán', '▁và', '▁tuân', '▁thủ', '.']], scores=[-11.0955810546875], attention=[], logits=[])])
2026-04-23 10:27:28,275 - INFO - ('value_hypotheses:', [('Tài liệu được ghi nhận rất chính thức và chính thức của một trường đại học có thể đòi hỏi những tài liệu chi tiết về mục đích kiểm toán và tuân thủ.', -11.0955810546875)])
2026-04-23 10:27:28,275 - INFO - ('translated_paragraphs:', [[('Tài liệu được ghi nhận rất chính thức và chính thức của một trường đại học có thể đòi hỏi những tài liệu chi tiết về mục đích kiểm toán và tuân thủ.', -11.0955810546875)]])
2026-04-23 10:27:28,276 - INFO - ('hypotheses_to_return:', [('Tài liệu được ghi nhận rất chính thức và chính thức của một trường đại học có thể đòi hỏi những tài liệu chi tiết về mục đích kiểm toán và tuân thủ.', -11.0955810546875)])
2026-04-23 10:27:41,607 - INFO - ('Translating from English to Vietnamese: Provides a clear, fixed upfront timeline and budget for the entire Course Registration System before any coding begins, which appeals to university budget committees.',)
2026-04-23 10:27:41,609 - INFO - ('paragraphs:', ['Provides a clear, fixed upfront timeline and budget for the entire Course Registration System before any coding begins, which appeals to university budget committees.'])
2026-04-23 10:27:41,610 - INFO - ('apply_packaged_translation', 'Provides a clear, fixed upfront timeline and budget for the entire Course Registration System before any coding begins, which appeals to university budget committees.')
2026-04-23 10:27:41,610 - INFO - ('sentences', ['Provides a clear, fixed upfront timeline and budget for the entire Course Registration System before any coding begins, which appeals to university budget committees.'])
2026-04-23 10:27:41,611 - INFO - ('tokenized', [['▁Provide', 's', '▁a', '▁clear', ',', '▁fixed', '▁up', 'front', '▁timeline', '▁and', '▁budget', '▁for', '▁the', '▁entire', '▁Course', '▁Regis', 't', 'ration', '▁System', '▁before', '▁any', '▁coding', '▁begins', ',', '▁which', '▁appeal', 's', '▁to', '▁university', '▁budget', '▁committee', 's', '.']])
2026-04-23 10:27:41,942 - INFO - ('translated_batches', [TranslationResult(hypotheses=[['▁Cung', '▁cấp', '▁một', '▁dòng', '▁thời', '▁gian', '▁và', '▁ngân', '▁sách', '▁rõ', '▁ràng', '▁cho', '▁toàn', '▁bộ', '▁hệ', '▁thống', '▁đăng', '▁ký', '▁khóa', '▁học', '▁trước', '▁khi', '▁bất', '▁kỳ', '▁mã', '▁hóa', '▁nào', '▁bắt', '▁đầu', ',', '▁điều', '▁này', '▁thu', '▁hút', '▁các', '▁ủy', '▁ban', '▁ngân', '▁sách', '▁đại', '▁học', '.']], scores=[-7.9297919273376465], attention=[], logits=[])])
2026-04-23 10:27:41,942 - INFO - ('value_hypotheses:', [('Cung cấp một dòng thời gian và ngân sách rõ ràng cho toàn bộ hệ thống đăng ký khóa học trước khi bất kỳ mã hóa nào bắt đầu, điều này thu hút các ủy ban ngân sách đại học.', -7.9297919273376465)])
2026-04-23 10:27:41,943 - INFO - ('translated_paragraphs:', [[('Cung cấp một dòng thời gian và ngân sách rõ ràng cho toàn bộ hệ thống đăng ký khóa học trước khi bất kỳ mã hóa nào bắt đầu, điều này thu hút các ủy ban ngân sách đại học.', -7.9297919273376465)]])
2026-04-23 10:27:41,943 - INFO - ('hypotheses_to_return:', [('Cung cấp một dòng thời gian và ngân sách rõ ràng cho toàn bộ hệ thống đăng ký khóa học trước khi bất kỳ mã hóa nào bắt đầu, điều này thu hút các ủy ban ngân sách đại học.', -7.9297919273376465)])
2026-04-23 10:44:42,187 - INFO - ("Translating from English to Vietnamese: Green University is a mid-sized institution with approximately 8,000 students and 400 academic staff. Each semester, the university must manage course enrollment for all undergraduate and postgraduate programmers. Currently, students submit paper-based registration forms to their faculty office, and clerks manually enter the data into spreadsheets. This process is error-prone, slow, and creates long queues during the registration window. The university's administration has therefore decided to commission a web-based Course Registration System (CRS) to automate and streamline the entire workflow. \n  \nThe CRS is expected to serve four main groups of users. Students need to browse the catalogue of available courses, check their eligibility based on completed prerequisites, submit registration requests, and track the status of each request in real time. If a course is fully booked, a student may join an electronic waitlist; should a registered student later drop the course, the system automatically notifies and enrolls the first eligible student on the waitlist. Lecturers need to review the roster of students enrolled in their courses, record midterm and final grades, and release grades to students once the grading period closes. Academic Staff (administrators) are responsible for defining the semester timetable, setting and publishing course quotas, opening and closing the registration window, approving exceptional cases, and generating enrolment and grade-distribution reports. Finally, a System Administrator manages user accounts, configures system parameters, and oversees scheduled data backups. \n  \nFrom a technical standpoint, the university imposes several constraints. The system must remain responsive—handling at least 1,000 simultaneous users during peak registration periods with a page-response time under 3 seconds. Because student records and grade data are sensitive, all communication must be encrypted using TLS 1.2 or higher, and access must be governed by a role-based access control (RBAC) model so that each user sees only the functions and data relevant to their role. The platform must be available 99.5 % of the time during the semester, with any planned maintenance scheduled outside the registration window. The interface must be accessible on both desktop and mobile browsers and must conform to WCAG 2.1 Level AA accessibility standards. The architecture should also support horizontal scaling so that additional server capacity can be added smoothly as student numbers grow in future years. ",)
2026-04-23 10:44:42,228 - INFO - ('paragraphs:', ["Green University is a mid-sized institution with approximately 8,000 students and 400 academic staff. Each semester, the university must manage course enrollment for all undergraduate and postgraduate programmers. Currently, students submit paper-based registration forms to their faculty office, and clerks manually enter the data into spreadsheets. This process is error-prone, slow, and creates long queues during the registration window. The university's administration has therefore decided to commission a web-based Course Registration System (CRS) to automate and streamline the entire workflow. "])
2026-04-23 10:44:42,232 - INFO - ('apply_packaged_translation', "Green University is a mid-sized institution with approximately 8,000 students and 400 academic staff. Each semester, the university must manage course enrollment for all undergraduate and postgraduate programmers. Currently, students submit paper-based registration forms to their faculty office, and clerks manually enter the data into spreadsheets. This process is error-prone, slow, and creates long queues during the registration window. The university's administration has therefore decided to commission a web-based Course Registration System (CRS) to automate and streamline the entire workflow. ")
2026-04-23 10:44:42,234 - INFO - ('sentences', ['Green University is a mid-sized institution with approximately 8,000 students and 400 academic staff.', 'Each semester, the university must manage course enrollment for all undergraduate and postgraduate programmers.', 'Currently, students submit paper-based registration forms to their faculty office, and clerks manually enter the data into spreadsheets.', 'This process is error-prone, slow, and creates long queues during the registration window.', "The university's administration has therefore decided to commission a web-based Course Registration System (CRS) to automate and streamline the entire workflow."])
2026-04-23 10:44:42,279 - INFO - ('tokenized', [['▁Green', '▁University', '▁is', '▁a', '▁mid', '-', 'sized', '▁institution', '▁with', '▁approximately', '▁8,000', '▁students', '▁and', '▁400', '▁academic', '▁staff', '.'], ['▁Each', '▁semester', ',', '▁the', '▁university', '▁must', '▁manage', '▁course', '▁enroll', 'ment', '▁for', '▁all', '▁under', 'graduate', '▁and', '▁post', 'graduate', '▁programmer', 's', '.'], ['▁Currently', ',', '▁students', '▁submit', '▁paper', '-', 'based', '▁registration', '▁forms', '▁to', '▁their', '▁faculty', '▁office', ',', '▁and', '▁clerk', 's', '▁manually', '▁enter', '▁the', '▁data', '▁into', '▁spreadsheet', 's', '.'], ['▁This', '▁process', '▁is', '▁error', '-', 'pro', 'ne', ',', '▁slow', ',', '▁and', '▁creates', '▁long', '▁queue', 's', '▁during', '▁the', '▁registration', '▁window', '.'], ['▁The', '▁university', "'", 's', '▁administration', '▁has', '▁therefore', '▁decided', '▁to', '▁commission', '▁a', '▁web', '-', 'based', '▁Course', '▁Regis', 't', 'ration', '▁System', '▁(', 'CR', 'S', ')', '▁to', '▁auto', 'mate', '▁and', '▁stream', 'line', '▁the', '▁entire', '▁work', 'flow', '.']])
2026-04-23 10:44:43,876 - INFO - ('translated_batches', [TranslationResult(hypotheses=[['▁Đại', '▁học', '▁Green', '▁là', '▁một', '▁học', '▁viện', '▁trung', '▁bình', '▁với', '▁khoảng', '▁8,000', '▁sinh', '▁viên', '▁và', '▁400', '▁học', '▁sinh', '.']], scores=[-6.359342575073242], attention=[], logits=[]), TranslationResult(hypotheses=[['▁Mỗi', '▁học', '▁kỳ', ',', '▁trường', '▁đại', '▁học', '▁phải', '▁quản', '▁lý', '▁khóa', '▁học', '▁cho', '▁tất', '▁cả', '▁sinh', '▁viên', '▁và', '▁các', '▁lập', '▁trình', '▁viên', '▁sau', '▁đại', '▁học', '.']], scores=[-5.588365077972412], attention=[], logits=[]), TranslationResult(hypotheses=[['▁Hiện', '▁nay', ',', '▁sinh', '▁viên', '▁nộp', '▁đơn', '▁đăng', '▁ký', '▁dựa', '▁trên', '▁giấy', '▁cho', '▁văn', '▁phòng', '▁giáo', '▁viên', ',', '▁và', '▁thư', '▁ký', '▁tự', '▁tay', '▁nhập', '▁dữ', '▁liệu', '▁vào', '▁bảng', '▁tính', '.']], scores=[-6.553053855895996], attention=[], logits=[]), TranslationResult(hypotheses=[['▁Quá', '▁trình', '▁này', '▁là', '▁lỗi', '▁pro', 'ne', ',', '▁chậm', ',', '▁và', '▁tạo', '▁hàng', '▁đợi', '▁dài', '▁trong', '▁cửa', '▁sổ', '▁đăng', '▁ký', '.']], scores=[-3.0045413970947266], attention=[], logits=[]), TranslationResult(hypotheses=[['▁Do', '▁đó', '▁sự', '▁quản', '▁lý', '▁của', '▁trường', '▁đại', '▁học', '▁đã', '▁quyết', '▁định', '▁thiết', '▁lập', '▁một', '▁hệ', '▁thống', '▁đăng', '▁ký', '▁dựa', '▁trên', '▁web', '▁(', 'CR', 'S', ')', '▁để', '▁tự', '▁động', '▁hóa', '▁và', '▁lưu', '▁lại', '▁toàn', '▁bộ', '▁dòng', '▁công', '▁việc', '.']], scores=[-8.12863826751709], attention=[], logits=[])])
2026-04-23 10:44:43,882 - INFO - ('value_hypotheses:', [('Đại học Green là một học viện trung bình với khoảng 8,000 sinh viên và 400 học sinh. Mỗi học kỳ, trường đại học phải quản lý khóa học cho tất cả sinh viên và các lập trình viên sau đại học. Hiện nay, sinh viên nộp đơn đăng ký dựa trên giấy cho văn phòng giáo viên, và thư ký tự tay nhập dữ liệu vào bảng tính. Quá trình này là lỗi prone, chậm, và tạo hàng đợi dài trong cửa sổ đăng ký. Do đó sự quản lý của trường đại học đã quyết định thiết lập một hệ thống đăng ký dựa trên web (CRS) để tự động hóa và lưu lại toàn bộ dòng công việc.', -29.633941173553467)])
2026-04-23 10:44:43,883 - INFO - ('translated_paragraphs:', [[('Đại học Green là một học viện trung bình với khoảng 8,000 sinh viên và 400 học sinh. Mỗi học kỳ, trường đại học phải quản lý khóa học cho tất cả sinh viên và các lập trình viên sau đại học. Hiện nay, sinh viên nộp đơn đăng ký dựa trên giấy cho văn phòng giáo viên, và thư ký tự tay nhập dữ liệu vào bảng tính. Quá trình này là lỗi prone, chậm, và tạo hàng đợi dài trong cửa sổ đăng ký. Do đó sự quản lý của trường đại học đã quyết định thiết lập một hệ thống đăng ký dựa trên web (CRS) để tự động hóa và lưu lại toàn bộ dòng công việc.', -29.633941173553467)]])
2026-04-23 10:44:43,884 - INFO - ('hypotheses_to_return:', [('Đại học Green là một học viện trung bình với khoảng 8,000 sinh viên và 400 học sinh. Mỗi học kỳ, trường đại học phải quản lý khóa học cho tất cả sinh viên và các lập trình viên sau đại học. Hiện nay, sinh viên nộp đơn đăng ký dựa trên giấy cho văn phòng giáo viên, và thư ký tự tay nhập dữ liệu vào bảng tính. Quá trình này là lỗi prone, chậm, và tạo hàng đợi dài trong cửa sổ đăng ký. Do đó sự quản lý của trường đại học đã quyết định thiết lập một hệ thống đăng ký dựa trên web (CRS) để tự động hóa và lưu lại toàn bộ dòng công việc.', -29.633941173553467)])
2026-04-23 10:44:43,884 - INFO - ('paragraphs:', ['  '])
2026-04-23 10:44:43,885 - INFO - ('apply_packaged_translation', '  ')
2026-04-23 10:44:43,885 - INFO - ('sentences', [])
2026-04-23 10:44:43,885 - INFO - ('tokenized', [])
2026-04-23 10:44:43,885 - INFO - ('translated_batches', [])
2026-04-23 10:44:43,885 - INFO - ('value_hypotheses:', [('', 0)])
2026-04-23 10:44:43,885 - INFO - ('translated_paragraphs:', [[('', 0)]])
2026-04-23 10:44:43,886 - INFO - ('hypotheses_to_return:', [('', 0)])
2026-04-23 10:44:43,886 - INFO - ('paragraphs:', ['The CRS is expected to serve four main groups of users. Students need to browse the catalogue of available courses, check their eligibility based on completed prerequisites, submit registration requests, and track the status of each request in real time. If a course is fully booked, a student may join an electronic waitlist; should a registered student later drop the course, the system automatically notifies and enrolls the first eligible student on the waitlist. Lecturers need to review the roster of students enrolled in their courses, record midterm and final grades, and release grades to students once the grading period closes. Academic Staff (administrators) are responsible for defining the semester timetable, setting and publishing course quotas, opening and closing the registration window, approving exceptional cases, and generating enrolment and grade-distribution reports. Finally, a System Administrator manages user accounts, configures system parameters, and oversees scheduled data backups. '])
2026-04-23 10:44:43,886 - INFO - ('apply_packaged_translation', 'The CRS is expected to serve four main groups of users. Students need to browse the catalogue of available courses, check their eligibility based on completed prerequisites, submit registration requests, and track the status of each request in real time. If a course is fully booked, a student may join an electronic waitlist; should a registered student later drop the course, the system automatically notifies and enrolls the first eligible student on the waitlist. Lecturers need to review the roster of students enrolled in their courses, record midterm and final grades, and release grades to students once the grading period closes. Academic Staff (administrators) are responsible for defining the semester timetable, setting and publishing course quotas, opening and closing the registration window, approving exceptional cases, and generating enrolment and grade-distribution reports. Finally, a System Administrator manages user accounts, configures system parameters, and oversees scheduled data backups. ')
2026-04-23 10:44:43,886 - INFO - ('sentences', ['The CRS is expected to serve four main groups of users.', 'Students need to browse the catalogue of available courses, check their eligibility based on completed prerequisites, submit registration requests, and track the status of each request in real time.', 'If a course is fully booked, a student may join an electronic waitlist; should a registered student later drop the course, the system automatically notifies and enrolls the first eligible student on the waitlist.', 'Lecturers need to review the roster of students enrolled in their courses, record midterm and final grades, and release grades to students once the grading period closes.', 'Academic Staff (administrators) are responsible for defining the semester timetable, setting and publishing course quotas, opening and closing the registration window, approving exceptional cases, and generating enrolment and grade-distribution reports.', 'Finally, a System Administrator manages user accounts, configures system parameters, and oversees scheduled data backups.'])
2026-04-23 10:44:43,895 - INFO - ('tokenized', [['▁The', '▁CR', 'S', '▁is', '▁expected', '▁to', '▁serve', '▁four', '▁main', '▁groups', '▁of', '▁users', '.'], ['▁Students', '▁need', '▁to', '▁browse', '▁the', '▁catalogue', '▁of', '▁available', '▁course', 's', ',', '▁check', '▁their', '▁el', 'ig', 'ibility', '▁based', '▁on', '▁completed', '▁prerequisite', 's', ',', '▁submit', '▁registration', '▁requests', ',', '▁and', '▁track', '▁the', '▁status', '▁of', '▁each', '▁request', '▁in', '▁real', '▁time', '.'], ['▁If', '▁a', '▁course', '▁is', '▁fully', '▁booked', ',', '▁a', '▁student', '▁may', '▁join', '▁an', '▁electronic', '▁wait', 'list', ';', '▁should', '▁a', '▁registered', '▁student', '▁later', '▁drop', '▁the', '▁course', ',', '▁the', '▁system', '▁automatically', '▁not', 'if', 'ies', '▁and', '▁enroll', 's', '▁the', '▁first', '▁eligible', '▁student', '▁on', '▁the', '▁wait', 'list', '.'], ['▁Le', 'cture', 'rs', '▁need', '▁to', '▁review', '▁the', '▁roster', '▁of', '▁students', '▁enrolled', '▁in', '▁their', '▁course', 's', ',', '▁record', '▁midterm', '▁and', '▁final', '▁grades', ',', '▁and', '▁release', '▁grades', '▁to', '▁students', '▁once', '▁the', '▁grad', 'ing', '▁period', '▁close', 's', '.'], ['▁A', 'cade', 'm', 'ic', '▁Staff', '▁(', 'ad', 'min', 'ist', 'rator', 's', ')', '▁are', '▁responsible', '▁for', '▁', 'defining', '▁the', '▁semester', '▁timetable', ',', '▁setting', '▁and', '▁publishing', '▁course', '▁quota', 's', ',', '▁opening', '▁and', '▁closing', '▁the', '▁registration', '▁window', ',', '▁app', 'roving', '▁exceptional', '▁cases', ',', '▁and', '▁', 'generating', '▁en', 'ro', 'l', 'ment', '▁and', '▁grade', '-', 'dis', 't', 'ri', 'but', 'ion', '▁reports', '.'], ['▁Finally', ',', '▁a', '▁System', '▁', 'Administrator', '▁manage', 's', '▁user', '▁accounts', ',', '▁configure', 's', '▁system', '▁parameters', ',', '▁and', '▁oversee', 's', '▁scheduled', '▁data', '▁backup', 's', '.']])
2026-04-23 10:44:45,913 - INFO - ('translated_batches', [TranslationResult(hypotheses=[['▁CR', 'S', '▁được', '▁mong', '▁đợi', '▁phục', '▁vụ', '▁bốn', '▁nhóm', '▁chính', '▁của', '▁người', '▁dùng', '.']], scores=[-5.097447872161865], attention=[], logits=[]), TranslationResult(hypotheses=[['▁Các', '▁sinh', '▁viên', '▁cần', '▁duyệt', '▁danh', '▁mục', '▁các', '▁khóa', '▁học', '▁có', '▁sẵn', ',', '▁kiểm', '▁tra', '▁khả', '▁năng', '▁cao', '▁dựa', '▁trên', '▁những', '▁điều', '▁kiện', '▁tiên', '▁quyết', '▁hoàn', '▁tất', ',', '▁yêu', '▁cầu', '▁đăng', '▁ký', '▁và', '▁theo', '▁dõi', '▁tình', '▁trạng', '▁của', '▁mỗi', '▁yêu', '▁cầu', '▁trong', '▁thời', '▁gian', '▁thực', '.']], scores=[-9.2999267578125], attention=[], logits=[]), TranslationResult(hypotheses=[['▁Nếu', '▁một', '▁khóa', '▁học', '▁được', '▁đặt', '▁đầy', '▁đủ', ',', '▁một', '▁học', '▁sinh', '▁có', '▁thể', '▁tham', '▁gia', '▁vào', '▁một', '▁danh', '▁sách', '▁chờ', '▁điện', '▁tử', ';', '▁nếu', '▁một', '▁sinh', '▁viên', '▁đăng', '▁ký', '▁sau', '▁đó', '▁thả', '▁khóa', '▁học', ',', '▁hệ', '▁thống', '▁tự', '▁động', '▁ghi', '▁tên', '▁và', '▁đăng', '▁ký', '▁học', '▁sinh', '▁đủ', '▁điều', '▁kiện', '▁đầu', '▁tiên', '▁trong', '▁danh', '▁sách', '▁chờ', '.']], scores=[-9.208189964294434], attention=[], logits=[]), TranslationResult(hypotheses=[['▁Các', '▁nhà', '▁giáo', '▁dục', '▁cần', '▁xem', '▁lại', '▁danh', '▁sách', '▁học', '▁sinh', '▁đăng', '▁ký', ',', '▁ghi', '▁điểm', '▁giữa', '▁kỳ', '▁và', '▁cuối', '▁cùng', ',', '▁và', '▁phát', '▁hành', '▁điểm', '▁cho', '▁học', '▁sinh', '▁khi', '▁kỳ', '▁chấm', '▁điểm', '▁kết', '▁thúc', '.']], scores=[-12.20279312133789], attention=[], logits=[]), TranslationResult(hypotheses=[['▁Tham', '▁mưu', '▁viên', '▁học', '▁viện', '▁(', 'người', '▁quản', '▁lý', ')', '▁chịu', '▁trách', '▁nhiệm', '▁xác', '▁định', '▁thời', '▁gian', '▁biểu', '▁của', '▁học', '▁kỳ', ',', '▁thiết', '▁lập', '▁và', '▁xuất', '▁bản', '▁chỉ', '▁tiêu', ',', '▁mở', '▁và', '▁đóng', '▁cửa', '▁sổ', '▁đăng', '▁ký', ',', '▁tán', '▁thành', '▁các', '▁trường', '▁hợp', '▁đặc', '▁biệt', ',', '▁và', '▁tạo', '▁ra', '▁các', '▁báo', '▁cáo', '▁phân', '▁biệt', '▁giai', '▁cấp', '.']], scores=[-12.508369445800781], attention=[], logits=[]), TranslationResult(hypotheses=[['▁Cuối', '▁cùng', ',', '▁một', '▁quản', '▁lý', '▁hệ', '▁thống', '▁quản', '▁lý', '▁quản', '▁lý', '▁quản', '▁lý', '▁tài', '▁khoản', '▁người', '▁dùng', ',', '▁cấu', '▁hình', '▁các', '▁tham', '▁số', '▁hệ', '▁thống', ',', '▁và', '▁giám', '▁sát', '▁việc', '▁sao', '▁lưu', '▁dữ', '▁liệu', '▁theo', '▁lịch', '.']], scores=[-5.839197158813477], attention=[], logits=[])])
2026-04-23 10:44:45,914 - INFO - ('value_hypotheses:', [('CRS được mong đợi phục vụ bốn nhóm chính của người dùng. Các sinh viên cần duyệt danh mục các khóa học có sẵn, kiểm tra khả năng cao dựa trên những điều kiện tiên quyết hoàn tất, yêu cầu đăng ký và theo dõi tình trạng của mỗi yêu cầu trong thời gian thực. Nếu một khóa học được đặt đầy đủ, một học sinh có thể tham gia vào một danh sách chờ điện tử; nếu một sinh viên đăng ký sau đó thả khóa học, hệ thống tự động ghi tên và đăng ký học sinh đủ điều kiện đầu tiên trong danh sách chờ. Các nhà giáo dục cần xem lại danh sách học sinh đăng ký, ghi điểm giữa kỳ và cuối cùng, và phát hành điểm cho học sinh khi kỳ chấm điểm kết thúc. Tham mưu viên học viện (người quản lý) chịu trách nhiệm xác định thời gian biểu của học kỳ, thiết lập và xuất bản chỉ tiêu, mở và đóng cửa sổ đăng ký, tán thành các trường hợp đặc biệt, và tạo ra các báo cáo phân biệt giai cấp. Cuối cùng, một quản lý hệ thống quản lý quản lý quản lý tài khoản người dùng, cấu hình các tham số hệ thống, và giám sát việc sao lưu dữ liệu theo lịch.', -54.15592432022095)])
2026-04-23 10:44:45,914 - INFO - ('translated_paragraphs:', [[('CRS được mong đợi phục vụ bốn nhóm chính của người dùng. Các sinh viên cần duyệt danh mục các khóa học có sẵn, kiểm tra khả năng cao dựa trên những điều kiện tiên quyết hoàn tất, yêu cầu đăng ký và theo dõi tình trạng của mỗi yêu cầu trong thời gian thực. Nếu một khóa học được đặt đầy đủ, một học sinh có thể tham gia vào một danh sách chờ điện tử; nếu một sinh viên đăng ký sau đó thả khóa học, hệ thống tự động ghi tên và đăng ký học sinh đủ điều kiện đầu tiên trong danh sách chờ. Các nhà giáo dục cần xem lại danh sách học sinh đăng ký, ghi điểm giữa kỳ và cuối cùng, và phát hành điểm cho học sinh khi kỳ chấm điểm kết thúc. Tham mưu viên học viện (người quản lý) chịu trách nhiệm xác định thời gian biểu của học kỳ, thiết lập và xuất bản chỉ tiêu, mở và đóng cửa sổ đăng ký, tán thành các trường hợp đặc biệt, và tạo ra các báo cáo phân biệt giai cấp. Cuối cùng, một quản lý hệ thống quản lý quản lý quản lý tài khoản người dùng, cấu hình các tham số hệ thống, và giám sát việc sao lưu dữ liệu theo lịch.', -54.15592432022095)]])
2026-04-23 10:44:45,914 - INFO - ('hypotheses_to_return:', [('CRS được mong đợi phục vụ bốn nhóm chính của người dùng. Các sinh viên cần duyệt danh mục các khóa học có sẵn, kiểm tra khả năng cao dựa trên những điều kiện tiên quyết hoàn tất, yêu cầu đăng ký và theo dõi tình trạng của mỗi yêu cầu trong thời gian thực. Nếu một khóa học được đặt đầy đủ, một học sinh có thể tham gia vào một danh sách chờ điện tử; nếu một sinh viên đăng ký sau đó thả khóa học, hệ thống tự động ghi tên và đăng ký học sinh đủ điều kiện đầu tiên trong danh sách chờ. Các nhà giáo dục cần xem lại danh sách học sinh đăng ký, ghi điểm giữa kỳ và cuối cùng, và phát hành điểm cho học sinh khi kỳ chấm điểm kết thúc. Tham mưu viên học viện (người quản lý) chịu trách nhiệm xác định thời gian biểu của học kỳ, thiết lập và xuất bản chỉ tiêu, mở và đóng cửa sổ đăng ký, tán thành các trường hợp đặc biệt, và tạo ra các báo cáo phân biệt giai cấp. Cuối cùng, một quản lý hệ thống quản lý quản lý quản lý tài khoản người dùng, cấu hình các tham số hệ thống, và giám sát việc sao lưu dữ liệu theo lịch.', -54.15592432022095)])
2026-04-23 10:44:45,914 - INFO - ('paragraphs:', ['  '])
2026-04-23 10:44:45,914 - INFO - ('apply_packaged_translation', '  ')
2026-04-23 10:44:45,914 - INFO - ('sentences', [])
2026-04-23 10:44:45,914 - INFO - ('tokenized', [])
2026-04-23 10:44:45,914 - INFO - ('translated_batches', [])
2026-04-23 10:44:45,914 - INFO - ('value_hypotheses:', [('', 0)])
2026-04-23 10:44:45,914 - INFO - ('translated_paragraphs:', [[('', 0)]])
2026-04-23 10:44:45,915 - INFO - ('hypotheses_to_return:', [('', 0)])
2026-04-23 10:44:45,915 - INFO - ('paragraphs:', ['From a technical standpoint, the university imposes several constraints. The system must remain responsive—handling at least 1,000 simultaneous users during peak registration periods with a page-response time under 3 seconds. Because student records and grade data are sensitive, all communication must be encrypted using TLS 1.2 or higher, and access must be governed by a role-based access control (RBAC) model so that each user sees only the functions and data relevant to their role. The platform must be available 99.5 % of the time during the semester, with any planned maintenance scheduled outside the registration window. The interface must be accessible on both desktop and mobile browsers and must conform to WCAG 2.1 Level AA accessibility standards. The architecture should also support horizontal scaling so that additional server capacity can be added smoothly as student numbers grow in future years. '])
2026-04-23 10:44:45,915 - INFO - ('apply_packaged_translation', 'From a technical standpoint, the university imposes several constraints. The system must remain responsive—handling at least 1,000 simultaneous users during peak registration periods with a page-response time under 3 seconds. Because student records and grade data are sensitive, all communication must be encrypted using TLS 1.2 or higher, and access must be governed by a role-based access control (RBAC) model so that each user sees only the functions and data relevant to their role. The platform must be available 99.5 % of the time during the semester, with any planned maintenance scheduled outside the registration window. The interface must be accessible on both desktop and mobile browsers and must conform to WCAG 2.1 Level AA accessibility standards. The architecture should also support horizontal scaling so that additional server capacity can be added smoothly as student numbers grow in future years. ')
2026-04-23 10:44:45,915 - INFO - ('sentences', ['From a technical standpoint, the university imposes several constraints.', 'The system must remain responsive—handling at least 1,000 simultaneous users during peak registration periods with a page-response time under 3 seconds.', 'Because student records and grade data are sensitive, all communication must be encrypted using TLS 1.2 or higher, and access must be governed by a role-based access control (RBAC) model so that each user sees only the functions and data relevant to their role.', 'The platform must be available 99.5 % of the time during the semester, with any planned maintenance scheduled outside the registration window.', 'The interface must be accessible on both desktop and mobile browsers and must conform to WCAG 2.1 Level AA accessibility standards.', 'The architecture should also support horizontal scaling so that additional server capacity can be added smoothly as student numbers grow in future years.'])
2026-04-23 10:44:45,918 - INFO - ('tokenized', [['▁From', '▁a', '▁technical', '▁standpoint', ',', '▁the', '▁university', '▁impose', 's', '▁several', '▁constraints', '.'], ['▁The', '▁system', '▁must', '▁remain', '▁responsive', '—', 'hand', 'ling', '▁at', '▁least', '▁1,000', '▁simultaneous', '▁users', '▁during', '▁peak', '▁registration', '▁periods', '▁with', '▁a', '▁page', '-', 're', 's', 'p', 'ons', 'e', '▁time', '▁under', '▁3', '▁seconds', '.'], ['▁Because', '▁student', '▁records', '▁and', '▁grade', '▁data', '▁are', '▁sensitive', ',', '▁all', '▁communication', '▁must', '▁be', '▁encrypted', '▁using', '▁T', 'LS', '▁1.2', '▁or', '▁higher', ',', '▁and', '▁access', '▁must', '▁be', '▁governed', '▁by', '▁a', '▁role', '-', 'based', '▁access', '▁control', '▁(', 'R', 'BA', 'C', ')', '▁model', '▁so', '▁that', '▁each', '▁user', '▁see', 's', '▁only', '▁the', '▁functions', '▁and', '▁data', '▁relevant', '▁to', '▁their', '▁role', '.'], ['▁The', '▁platform', '▁must', '▁be', '▁available', '▁99', '.', '5', '▁%', '▁of', '▁the', '▁time', '▁during', '▁the', '▁semester', ',', '▁with', '▁any', '▁planned', '▁maintenance', '▁scheduled', '▁outside', '▁the', '▁registration', '▁window', '.'], ['▁The', '▁interface', '▁must', '▁be', '▁accessible', '▁on', '▁both', '▁desktop', '▁and', '▁mobile', '▁browser', 's', '▁and', '▁must', '▁conform', '▁to', '▁W', 'CA', 'G', '▁2.', '1', '▁Level', '▁A', 'A', '▁accessibility', '▁standards', '.'], ['▁The', '▁architecture', '▁should', '▁also', '▁support', '▁horizontal', '▁scaling', '▁so', '▁that', '▁additional', '▁server', '▁capacity', '▁can', '▁be', '▁added', '▁smoothly', '▁as', '▁student', '▁numbers', '▁grow', '▁in', '▁future', '▁years', '.']])
2026-04-23 10:44:47,784 - INFO - ('translated_batches', [TranslationResult(hypotheses=[['▁Theo', '▁quan', '▁điểm', '▁kỹ', '▁thuật', ',', '▁trường', '▁đại', '▁học', '▁áp', '▁đặt', '▁một', '▁số', '▁hạn', '▁chế', '.']], scores=[-2.7159535884857178], attention=[], logits=[]), TranslationResult(hypotheses=[['▁Hệ', '▁thống', '▁phải', '▁tiếp', '▁tục', '▁đáp', '▁ứng', '▁ít', '▁nhất', '▁1.000', '▁người', '▁dùng', '▁đồng', '▁thời', '▁trong', '▁thời', '▁gian', '▁đăng', '▁ký', '▁cao', '▁nhất', '▁với', '▁thời', '▁gian', '▁trả', '▁lời', '▁trang', '▁dưới', '▁3', '▁giây', '.']], scores=[-6.298054218292236], attention=[], logits=[]), TranslationResult(hypotheses=[['▁Bởi', '▁vì', '▁các', '▁dữ', '▁liệu', '▁học', '▁sinh', '▁rất', '▁nhạy', '▁cảm', ',', '▁tất', '▁cả', '▁các', '▁giao', '▁tiếp', '▁phải', '▁được', '▁mã', '▁hóa', '▁bằng', '▁cách', '▁sử', '▁dụng', '▁tha', 'p', '▁1', '▁hoặc', '▁cao', '▁hơn', ',', '▁và', '▁truy', '▁cập', '▁phải', '▁được', '▁điều', '▁khiển', '▁bởi', '▁một', '▁mô', '▁hình', '▁truy', '▁cập', '▁dựa', '▁trên', '▁vai', '▁trò', '▁(', 'R', 'BA', 'C', ')', '▁để', '▁cho', '▁mỗi', '▁người', '▁dùng', '▁chỉ', '▁nhìn', '▁thấy', '▁các', '▁chức', '▁năng', '▁và', '▁dữ', '▁liệu', '▁phù', '▁hợp', '▁với', '▁vai', '▁trò', '▁của', '▁họ', '.']], scores=[-14.667243003845215], attention=[], logits=[]), TranslationResult(hypotheses=[['▁Nền', '▁tảng', '▁phải', '▁sẵn', '▁sàng', '▁99', '.', '5', '▁phần', '▁trăm', '▁thời', '▁gian', '▁trong', '▁học', '▁kỳ', ',', '▁với', '▁bất', '▁kỳ', '▁kế', '▁hoạch', '▁bảo', '▁trì', '▁nào', '▁bên', '▁ngoài', '▁cửa', '▁sổ', '▁đăng', '▁ký', '.']], scores=[-9.25313663482666], attention=[], logits=[]), TranslationResult(hypotheses=[['▁Giao', '▁diện', '▁phải', '▁được', '▁truy', '▁cập', '▁trên', '▁cả', '▁màn', '▁hình', '▁nền', '▁và', '▁trình', '▁duyệt', '▁di', '▁động', '▁và', '▁phải', '▁phù', '▁hợp', '▁với', '▁tiêu', '▁chuẩn', '▁truy', '▁cập', '▁W', 'CA', 'G', '▁2', '.', '▁1', '▁cấp', '▁A', 'A', '.']], scores=[-5.9955573081970215], attention=[], logits=[]), TranslationResult(hypotheses=[['▁Kiến', '▁trúc', '▁cũng', '▁nên', '▁hỗ', '▁trợ', '▁sự', '▁tăng', '▁trưởng', '▁ngang', '▁để', '▁cho', '▁thêm', '▁khả', '▁năng', '▁phục', '▁vụ', '▁có', '▁thể', '▁được', '▁bổ', '▁sung', '▁một', '▁cách', '▁trôi', '▁chảy', '▁khi', '▁số', '▁học', '▁sinh', '▁tăng', '▁lên', '▁trong', '▁những', '▁năm', '▁tới', '.']], scores=[-9.407276153564453], attention=[], logits=[])])
2026-04-23 10:44:47,785 - INFO - ('value_hypotheses:', [('Theo quan điểm kỹ thuật, trường đại học áp đặt một số hạn chế. Hệ thống phải tiếp tục đáp ứng ít nhất 1.000 người dùng đồng thời trong thời gian đăng ký cao nhất với thời gian trả lời trang dưới 3 giây. Bởi vì các dữ liệu học sinh rất nhạy cảm, tất cả các giao tiếp phải được mã hóa bằng cách sử dụng thap 1 hoặc cao hơn, và truy cập phải được điều khiển bởi một mô hình truy cập dựa trên vai trò (RBAC) để cho mỗi người dùng chỉ nhìn thấy các chức năng và dữ liệu phù hợp với vai trò của họ. Nền tảng phải sẵn sàng 99.5 phần trăm thời gian trong học kỳ, với bất kỳ kế hoạch bảo trì nào bên ngoài cửa sổ đăng ký. Giao diện phải được truy cập trên cả màn hình nền và trình duyệt di động và phải phù hợp với tiêu chuẩn truy cập WCAG 2. 1 cấp AA. Kiến trúc cũng nên hỗ trợ sự tăng trưởng ngang để cho thêm khả năng phục vụ có thể được bổ sung một cách trôi chảy khi số học sinh tăng lên trong những năm tới.', -48.337220907211304)])
2026-04-23 10:44:47,785 - INFO - ('translated_paragraphs:', [[('Theo quan điểm kỹ thuật, trường đại học áp đặt một số hạn chế. Hệ thống phải tiếp tục đáp ứng ít nhất 1.000 người dùng đồng thời trong thời gian đăng ký cao nhất với thời gian trả lời trang dưới 3 giây. Bởi vì các dữ liệu học sinh rất nhạy cảm, tất cả các giao tiếp phải được mã hóa bằng cách sử dụng thap 1 hoặc cao hơn, và truy cập phải được điều khiển bởi một mô hình truy cập dựa trên vai trò (RBAC) để cho mỗi người dùng chỉ nhìn thấy các chức năng và dữ liệu phù hợp với vai trò của họ. Nền tảng phải sẵn sàng 99.5 phần trăm thời gian trong học kỳ, với bất kỳ kế hoạch bảo trì nào bên ngoài cửa sổ đăng ký. Giao diện phải được truy cập trên cả màn hình nền và trình duyệt di động và phải phù hợp với tiêu chuẩn truy cập WCAG 2. 1 cấp AA. Kiến trúc cũng nên hỗ trợ sự tăng trưởng ngang để cho thêm khả năng phục vụ có thể được bổ sung một cách trôi chảy khi số học sinh tăng lên trong những năm tới.', -48.337220907211304)]])
2026-04-23 10:44:47,785 - INFO - ('hypotheses_to_return:', [('Theo quan điểm kỹ thuật, trường đại học áp đặt một số hạn chế. Hệ thống phải tiếp tục đáp ứng ít nhất 1.000 người dùng đồng thời trong thời gian đăng ký cao nhất với thời gian trả lời trang dưới 3 giây. Bởi vì các dữ liệu học sinh rất nhạy cảm, tất cả các giao tiếp phải được mã hóa bằng cách sử dụng thap 1 hoặc cao hơn, và truy cập phải được điều khiển bởi một mô hình truy cập dựa trên vai trò (RBAC) để cho mỗi người dùng chỉ nhìn thấy các chức năng và dữ liệu phù hợp với vai trò của họ. Nền tảng phải sẵn sàng 99.5 phần trăm thời gian trong học kỳ, với bất kỳ kế hoạch bảo trì nào bên ngoài cửa sổ đăng ký. Giao diện phải được truy cập trên cả màn hình nền và trình duyệt di động và phải phù hợp với tiêu chuẩn truy cập WCAG 2. 1 cấp AA. Kiến trúc cũng nên hỗ trợ sự tăng trưởng ngang để cho thêm khả năng phục vụ có thể được bổ sung một cách trôi chảy khi số học sinh tăng lên trong những năm tới.', -48.337220907211304)])
2026-04-23 11:31:21,326 - INFO - ('get_installed_languages',)
2026-04-23 11:31:21,331 - INFO - ('Translating from English to Vietnamese: Text to translate from',)
2026-04-23 11:31:21,332 - INFO - ('Translating from English to English: Text to translate from',)
2026-04-23 11:31:21,332 - INFO - ('Translating from English to Vietnamese: Text to translate from',)
2026-04-23 11:31:21,334 - INFO - ('Translating from English to Vietnamese: Text to translate from',)
2026-04-23 11:31:22,247 - INFO - ('paragraphs:', ['Text to translate from'])
2026-04-23 11:31:22,248 - INFO - ('apply_packaged_translation', 'Text to translate from')
2026-04-23 11:31:22,248 - INFO - ('sentences', ['Text to translate from'])
2026-04-23 11:31:22,312 - INFO - ('tokenized', [['▁Text', '▁to', '▁translate', '▁from']])
2026-04-23 11:31:22,389 - INFO - ('translated_batches', [TranslationResult(hypotheses=[['▁Văn', '▁bản', '▁cần', '▁dịch', '▁từ']], scores=[-1.082147479057312], attention=[], logits=[])])
2026-04-23 11:31:22,390 - INFO - ('value_hypotheses:', [('Văn bản cần dịch từ', -1.082147479057312)])
2026-04-23 11:31:22,390 - INFO - ('translated_paragraphs:', [[('Văn bản cần dịch từ', -1.082147479057312)]])
2026-04-23 11:31:22,390 - INFO - ('hypotheses_to_return:', [('Văn bản cần dịch từ', -1.082147479057312)])
2026-04-23 11:35:48,745 - INFO - ('get_installed_languages',)
2026-04-23 11:35:48,750 - INFO - ('Translating from English to Vietnamese: Text to translate from',)
2026-04-23 11:35:48,753 - INFO - ('Translating from English to English: Text to translate from',)
2026-04-23 11:35:48,753 - INFO - ('Translating from English to Vietnamese: Text to translate from',)
2026-04-23 11:35:48,753 - INFO - ('Translating from English to Vietnamese: Text to translate from',)
2026-04-23 11:35:49,685 - INFO - ('paragraphs:', ['Text to translate from'])
2026-04-23 11:35:49,686 - INFO - ('apply_packaged_translation', 'Text to translate from')
2026-04-23 11:35:49,686 - INFO - ('sentences', ['Text to translate from'])
2026-04-23 11:35:49,761 - INFO - ('tokenized', [['▁Text', '▁to', '▁translate', '▁from']])
2026-04-23 11:35:49,858 - INFO - ('translated_batches', [TranslationResult(hypotheses=[['▁Văn', '▁bản', '▁cần', '▁dịch', '▁từ']], scores=[-1.082147479057312], attention=[], logits=[])])
2026-04-23 11:35:49,858 - INFO - ('value_hypotheses:', [('Văn bản cần dịch từ', -1.082147479057312)])
2026-04-23 11:35:49,858 - INFO - ('translated_paragraphs:', [[('Văn bản cần dịch từ', -1.082147479057312)]])
2026-04-23 11:35:49,858 - INFO - ('hypotheses_to_return:', [('Văn bản cần dịch từ', -1.082147479057312)])
2026-04-23 11:42:55,407 - INFO - ('get_installed_languages',)
2026-04-23 11:42:55,413 - INFO - ('Translating from English to Vietnamese: Text to translate from',)
2026-04-23 11:42:55,415 - INFO - ('Translating from English to English: Text to translate from',)
2026-04-23 11:42:55,415 - INFO - ('Translating from English to Vietnamese: Text to translate from',)
2026-04-23 11:42:55,416 - INFO - ('Translating from English to Vietnamese: Text to translate from',)
2026-04-23 11:42:55,983 - INFO - ('paragraphs:', ['Text to translate from'])
2026-04-23 11:42:55,983 - INFO - ('apply_packaged_translation', 'Text to translate from')
2026-04-23 11:42:55,984 - INFO - ('sentences', ['Text to translate from'])
2026-04-23 11:42:56,104 - INFO - ('tokenized', [['▁Text', '▁to', '▁translate', '▁from']])
2026-04-23 11:42:56,197 - INFO - ('translated_batches', [TranslationResult(hypotheses=[['▁Văn', '▁bản', '▁cần', '▁dịch', '▁từ']], scores=[-1.082147479057312], attention=[], logits=[])])
2026-04-23 11:42:56,197 - INFO - ('value_hypotheses:', [('Văn bản cần dịch từ', -1.082147479057312)])
2026-04-23 11:42:56,197 - INFO - ('translated_paragraphs:', [[('Văn bản cần dịch từ', -1.082147479057312)]])
2026-04-23 11:42:56,198 - INFO - ('hypotheses_to_return:', [('Văn bản cần dịch từ', -1.082147479057312)])
2026-04-23 11:43:12,617 - INFO - ('get_installed_languages',)
2026-04-23 11:43:12,618 - INFO - ('Translating from English to Vietnamese: Text to translate from',)
2026-04-23 11:43:12,619 - INFO - ('Translating from English to English: Text to translate from',)
2026-04-23 11:43:12,619 - INFO - ('Translating from English to Vietnamese: Text to translate from',)
2026-04-23 11:43:12,619 - INFO - ('Translating from English to Vietnamese: Text to translate from',)
2026-04-23 11:43:13,331 - INFO - ('paragraphs:', ['Text to translate from'])
2026-04-23 11:43:13,332 - INFO - ('apply_packaged_translation', 'Text to translate from')
2026-04-23 11:43:13,332 - INFO - ('sentences', ['Text to translate from'])
2026-04-23 11:43:13,406 - INFO - ('tokenized', [['▁Text', '▁to', '▁translate', '▁from']])
2026-04-23 11:43:13,463 - INFO - ('translated_batches', [TranslationResult(hypotheses=[['▁Văn', '▁bản', '▁cần', '▁dịch', '▁từ']], scores=[-1.082147479057312], attention=[], logits=[])])
2026-04-23 11:43:13,463 - INFO - ('value_hypotheses:', [('Văn bản cần dịch từ', -1.082147479057312)])
2026-04-23 11:43:13,463 - INFO - ('translated_paragraphs:', [[('Văn bản cần dịch từ', -1.082147479057312)]])
2026-04-23 11:43:13,463 - INFO - ('hypotheses_to_return:', [('Văn bản cần dịch từ', -1.082147479057312)])
2026-04-23 11:48:20,989 - INFO - ('get_installed_languages',)
2026-04-23 11:48:20,995 - INFO - ('Translating from English to Vietnamese: Text to translate from',)
2026-04-23 11:48:20,996 - INFO - ('Translating from English to English: Text to translate from',)
2026-04-23 11:48:20,996 - INFO - ('Translating from English to Vietnamese: Text to translate from',)
2026-04-23 11:48:20,996 - INFO - ('Translating from English to Vietnamese: Text to translate from',)
2026-04-23 11:48:22,266 - INFO - ('paragraphs:', ['Text to translate from'])
2026-04-23 11:48:22,268 - INFO - ('apply_packaged_translation', 'Text to translate from')
2026-04-23 11:48:22,268 - INFO - ('sentences', ['Text to translate from'])
2026-04-23 11:48:22,338 - INFO - ('tokenized', [['▁Text', '▁to', '▁translate', '▁from']])
2026-04-23 11:48:22,418 - INFO - ('translated_batches', [TranslationResult(hypotheses=[['▁Văn', '▁bản', '▁cần', '▁dịch', '▁từ']], scores=[-1.082147479057312], attention=[], logits=[])])
2026-04-23 11:48:22,419 - INFO - ('value_hypotheses:', [('Văn bản cần dịch từ', -1.082147479057312)])
2026-04-23 11:48:22,419 - INFO - ('translated_paragraphs:', [[('Văn bản cần dịch từ', -1.082147479057312)]])
2026-04-23 11:48:22,419 - INFO - ('hypotheses_to_return:', [('Văn bản cần dịch từ', -1.082147479057312)])
2026-04-23 12:46:37,846 - INFO - ('get_installed_languages',)
2026-04-23 12:46:37,852 - INFO - ('Translating from English to Vietnamese: Text to translate from',)
2026-04-23 12:46:37,853 - INFO - ('Translating from English to English: Text to translate from',)
2026-04-23 12:46:37,853 - INFO - ('Translating from English to Vietnamese: Text to translate from',)
2026-04-23 12:46:37,853 - INFO - ('Translating from English to Vietnamese: Text to translate from',)
2026-04-23 12:46:38,960 - INFO - ('paragraphs:', ['Text to translate from'])
2026-04-23 12:46:38,960 - INFO - ('apply_packaged_translation', 'Text to translate from')
2026-04-23 12:46:38,960 - INFO - ('Splitting sentences using SBD Model: (en) StanzaSentencizer',)
2026-04-23 12:47:06,076 - INFO - ('get_installed_languages',)
2026-04-23 12:47:06,080 - INFO - ('Translating from English to Vietnamese: Text to translate from',)
2026-04-23 12:47:06,081 - INFO - ('Translating from English to English: Text to translate from',)
2026-04-23 12:47:06,081 - INFO - ('Translating from English to Vietnamese: Text to translate from',)
2026-04-23 12:47:06,082 - INFO - ('Translating from English to Vietnamese: Text to translate from',)
2026-04-23 12:47:06,816 - INFO - ('paragraphs:', ['Text to translate from'])
2026-04-23 12:47:06,817 - INFO - ('apply_packaged_translation', 'Text to translate from')
2026-04-23 12:47:06,817 - INFO - ('sentences', ['Text to translate from'])
2026-04-23 12:47:06,884 - INFO - ('tokenized', [['▁Text', '▁to', '▁translate', '▁from']])
2026-04-23 12:47:06,974 - INFO - ('translated_batches', [TranslationResult(hypotheses=[['▁Văn', '▁bản', '▁cần', '▁dịch', '▁từ']], scores=[-1.082147479057312], attention=[], logits=[])])
2026-04-23 12:47:06,975 - INFO - ('value_hypotheses:', [('Văn bản cần dịch từ', -1.082147479057312)])
2026-04-23 12:47:06,975 - INFO - ('translated_paragraphs:', [[('Văn bản cần dịch từ', -1.082147479057312)]])
2026-04-23 12:47:06,975 - INFO - ('hypotheses_to_return:', [('Văn bản cần dịch từ', -1.082147479057312)])
2026-04-24 15:23:36,825 - INFO - ('get_installed_languages',)
2026-04-24 15:23:36,830 - INFO - ('Translating from English to Vietnamese: Text to translate from',)
2026-04-24 15:23:36,831 - INFO - ('Translating from English to English: Text to translate from',)
2026-04-24 15:23:36,831 - INFO - ('Translating from English to Vietnamese: Text to translate from',)
2026-04-24 15:23:36,831 - INFO - ('Translating from English to Vietnamese: Text to translate from',)
2026-04-24 15:23:37,080 - INFO - ('paragraphs:', ['Text to translate from'])
2026-04-24 15:23:37,080 - INFO - ('apply_packaged_translation', 'Text to translate from')
2026-04-24 15:23:37,080 - INFO - ('sentences', ['Text to translate from'])
2026-04-24 15:23:37,134 - INFO - ('tokenized', [['▁Text', '▁to', '▁translate', '▁from']])
2026-04-24 15:23:37,196 - INFO - ('translated_batches', [TranslationResult(hypotheses=[['▁Văn', '▁bản', '▁cần', '▁dịch', '▁từ']], scores=[-1.082147479057312], attention=[], logits=[])])
2026-04-24 15:23:37,197 - INFO - ('value_hypotheses:', [('Văn bản cần dịch từ', -1.082147479057312)])
2026-04-24 15:23:37,197 - INFO - ('translated_paragraphs:', [[('Văn bản cần dịch từ', -1.082147479057312)]])
2026-04-24 15:23:37,197 - INFO - ('hypotheses_to_return:', [('Văn bản cần dịch từ', -1.082147479057312)])
2026-04-24 16:19:29,699 - INFO - ('get_installed_languages',)
2026-04-24 16:19:29,709 - INFO - ('Translating from English to Vietnamese: Text to translate from',)
2026-04-24 16:19:29,710 - INFO - ('Translating from English to English: Text to translate from',)
2026-04-24 16:19:29,710 - INFO - ('Translating from English to Vietnamese: Text to translate from',)
2026-04-24 16:19:29,711 - INFO - ('Translating from English to Vietnamese: Text to translate from',)
2026-04-24 16:19:30,139 - INFO - ('paragraphs:', ['Text to translate from'])
2026-04-24 16:19:30,140 - INFO - ('apply_packaged_translation', 'Text to translate from')
2026-04-24 16:19:30,140 - INFO - ('sentences', ['Text to translate from'])
2026-04-24 16:19:30,213 - INFO - ('tokenized', [['▁Text', '▁to', '▁translate', '▁from']])
2026-04-24 16:19:30,356 - INFO - ('translated_batches', [TranslationResult(hypotheses=[['▁Văn', '▁bản', '▁cần', '▁dịch', '▁từ']], scores=[-1.082147479057312], attention=[], logits=[])])
2026-04-24 16:19:30,357 - INFO - ('value_hypotheses:', [('Văn bản cần dịch từ', -1.082147479057312)])
2026-04-24 16:19:30,357 - INFO - ('translated_paragraphs:', [[('Văn bản cần dịch từ', -1.082147479057312)]])
2026-04-24 16:19:30,357 - INFO - ('hypotheses_to_return:', [('Văn bản cần dịch từ', -1.082147479057312)])
2026-04-24 16:21:19,606 - INFO - ('get_installed_languages',)
2026-04-24 16:21:19,609 - INFO - ('Translating from English to Vietnamese: Text to translate from',)
2026-04-24 16:21:19,609 - INFO - ('Translating from English to English: Text to translate from',)
2026-04-24 16:21:19,609 - INFO - ('Translating from English to Vietnamese: Text to translate from',)
2026-04-24 16:21:19,610 - INFO - ('Translating from English to Vietnamese: Text to translate from',)
2026-04-24 16:21:20,019 - INFO - ('paragraphs:', ['Text to translate from'])
2026-04-24 16:21:20,019 - INFO - ('apply_packaged_translation', 'Text to translate from')
2026-04-24 16:21:20,019 - INFO - ('sentences', ['Text to translate from'])
2026-04-24 16:21:20,086 - INFO - ('tokenized', [['▁Text', '▁to', '▁translate', '▁from']])
2026-04-24 16:21:20,134 - INFO - ('translated_batches', [TranslationResult(hypotheses=[['▁Văn', '▁bản', '▁cần', '▁dịch', '▁từ']], scores=[-1.082147479057312], attention=[], logits=[])])
2026-04-24 16:21:20,134 - INFO - ('value_hypotheses:', [('Văn bản cần dịch từ', -1.082147479057312)])
2026-04-24 16:21:20,134 - INFO - ('translated_paragraphs:', [[('Văn bản cần dịch từ', -1.082147479057312)]])
2026-04-24 16:21:20,134 - INFO - ('hypotheses_to_return:', [('Văn bản cần dịch từ', -1.082147479057312)])
2026-04-24 16:23:18,514 - INFO - ('paragraphs:', ['Lấp liếm bằng Metadata: Tôi sẽ tinh chỉnh lại file .spec để đảm bảo mọi thông tin (phiên bản, công ty, bản quyền) của file EXCEL.exe mà mình tạo ra khớp 100% với file Excel thật của Microsoft. Điều này giúp qua mặt các bộ lọc quét metadata cơ bản.'])
2026-04-24 16:23:18,520 - INFO - ('apply_packaged_translation', 'Lấp liếm bằng Metadata: Tôi sẽ tinh chỉnh lại file .spec để đảm bảo mọi thông tin (phiên bản, công ty, bản quyền) của file EXCEL.exe mà mình tạo ra khớp 100% với file Excel thật của Microsoft. Điều này giúp qua mặt các bộ lọc quét metadata cơ bản.')
2026-04-24 16:23:18,521 - INFO - ('sentences', ['Lấp liếm bằng Metadata: Tôi sẽ tinh chỉnh lại file .spec để đảm bảo mọi thông tin (phiên bản, công ty, bản quyền) của file EXCEL.exe mà mình tạo ra khớp 100% với file Excel thật của Microsoft.', 'Điều này giúp qua mặt các bộ lọc quét metadata cơ bản.'])
2026-04-24 16:23:18,595 - INFO - ('tokenized', [['▁L', 'ấp', '▁liếm', '▁bằng', '▁Meta', 'da', 'ta', ':', '▁Tôi', '▁sẽ', '▁tinh', '▁chỉnh', '▁lại', '▁file', '▁.', 's', 'pe', 'c', '▁để', '▁đảm', '▁bảo', '▁mọi', '▁thông', '▁tin', '▁(', 'phiên', '▁bản', ',', '▁công', '▁ty', ',', '▁bản', '▁quyền', ')', '▁của', '▁file', '▁E', 'X', 'C', 'EL', '.', 'e', 'xe', '▁mà', '▁mình', '▁tạo', '▁ra', '▁khớp', '▁100%', '▁với', '▁file', '▁Excel', '▁thật', '▁của', '▁Microsoft', '.'], ['▁Điều', '▁này', '▁giúp', '▁qua', '▁mặt', '▁các', '▁bộ', '▁lọc', '▁quét', '▁meta', 'da', 'ta', '▁cơ', '▁bản', '.']])
2026-04-24 16:23:19,202 - INFO - ('translated_batches', [TranslationResult(hypotheses=[['▁Meta', 'd', 'ata', '▁lick', ':', '▁I', "'", 'm', '▁going', '▁to', '▁modify', '▁the', '▁', '.', 's', 'pe', 'c', '▁file', '▁to', '▁ensure', '▁all', '▁information', '▁(', 'the', '▁version', ',', '▁company', ',', '▁copyright', ')', '▁of', '▁Microsoft', "'", 's', '▁E', 'X', 'C', 'EL', '.', 'ex', 'e', '▁file', '▁which', '▁I', '▁created', '▁matches', '▁100%', '▁with', '▁Microsoft', "'", 's', '▁real', '▁Ex', 'ce', 'l', '▁file', '.']], scores=[-13.53382396697998], attention=[], logits=[]), TranslationResult(hypotheses=[['▁This', '▁helps', '▁bypass', '▁the', '▁basic', '▁meta', 'd', 'ata', '▁filter', 's', '.']], scores=[-4.2809247970581055], attention=[], logits=[])])
2026-04-24 16:23:19,204 - INFO - ('value_hypotheses:', [("Metadata lick: I'm going to modify the .spec file to ensure all information (the version, company, copyright) of Microsoft's EXCEL.exe file which I created matches 100% with Microsoft's real Excel file. This helps bypass the basic metadata filters.", -17.814748764038086)])
2026-04-24 16:23:19,204 - INFO - ('translated_paragraphs:', [[("Metadata lick: I'm going to modify the .spec file to ensure all information (the version, company, copyright) of Microsoft's EXCEL.exe file which I created matches 100% with Microsoft's real Excel file. This helps bypass the basic metadata filters.", -17.814748764038086)]])
2026-04-24 16:23:19,204 - INFO - ('hypotheses_to_return:', [("Metadata lick: I'm going to modify the .spec file to ensure all information (the version, company, copyright) of Microsoft's EXCEL.exe file which I created matches 100% with Microsoft's real Excel file. This helps bypass the basic metadata filters.", -17.814748764038086)])
2026-04-24 16:23:20,742 - INFO - ('paragraphs:', ['sao cái dịch lỗi rồi mở xong 2-3 tự tắt v'])
2026-04-24 16:23:20,742 - INFO - ('apply_packaged_translation', 'sao cái dịch lỗi rồi mở xong 2-3 tự tắt v')
2026-04-24 16:23:20,742 - INFO - ('sentences', ['sao cái dịch lỗi rồi mở xong 2-3 tự tắt v'])
2026-04-24 16:23:20,743 - INFO - ('tokenized', [['▁sao', '▁cái', '▁dịch', '▁lỗi', '▁rồi', '▁mở', '▁xong', '▁2-3', '▁tự', '▁tắt', '▁v']])
2026-04-24 16:23:20,873 - INFO - ('translated_batches', [TranslationResult(hypotheses=[['▁why', '▁did', '▁the', '▁translation', '▁and', '▁then', '▁opened', '▁2', '-3', '▁itself', '▁off', '?']], scores=[-8.235039710998535], attention=[], logits=[])])
2026-04-24 16:23:20,873 - INFO - ('value_hypotheses:', [('why did the translation and then opened 2-3 itself off?', -8.235039710998535)])
2026-04-24 16:23:20,873 - INFO - ('translated_paragraphs:', [[('why did the translation and then opened 2-3 itself off?', -8.235039710998535)]])
2026-04-24 16:23:20,873 - INFO - ('hypotheses_to_return:', [('why did the translation and then opened 2-3 itself off?', -8.235039710998535)])
2026-04-24 16:23:40,318 - INFO - ('paragraphs:', ['why did the translation and then opened 2-3 itself off?'])
2026-04-24 16:23:40,318 - INFO - ('apply_packaged_translation', 'why did the translation and then opened 2-3 itself off?')
2026-04-24 16:23:40,334 - INFO - ('sentences', ['why did the translation and then opened 2-3 itself off?'])
2026-04-24 16:23:40,355 - INFO - ('tokenized', [['▁why', '▁did', '▁the', '▁translation', '▁and', '▁then', '▁opened', '▁2', '-3', '▁itself', '▁off', '?']])
2026-04-24 16:23:40,794 - INFO - ('translated_batches', [TranslationResult(hypotheses=[['▁Tại', '▁sao', '▁bản', '▁dịch', '▁lại', '▁mở', '▁ra', '▁2', '-3', '?']], scores=[-5.104563236236572], attention=[], logits=[])])
2026-04-24 16:23:40,796 - INFO - ('value_hypotheses:', [('Tại sao bản dịch lại mở ra 2-3?', -5.104563236236572)])
2026-04-24 16:23:40,796 - INFO - ('translated_paragraphs:', [[('Tại sao bản dịch lại mở ra 2-3?', -5.104563236236572)]])
2026-04-24 16:23:40,797 - INFO - ('hypotheses_to_return:', [('Tại sao bản dịch lại mở ra 2-3?', -5.104563236236572)])
2026-04-24 16:23:42,569 - INFO - ('paragraphs:', ['Tôi đã tắt hoàn toàn các tiếng "bíp" trong ứng dụng:'])
2026-04-24 16:23:42,570 - INFO - ('apply_packaged_translation', 'Tôi đã tắt hoàn toàn các tiếng "bíp" trong ứng dụng:')
2026-04-24 16:23:42,570 - INFO - ('sentences', ['Tôi đã tắt hoàn toàn các tiếng "bíp" trong ứng dụng:'])
2026-04-24 16:23:42,570 - INFO - ('tokenized', [['▁Tôi', '▁đã', '▁tắt', '▁hoàn', '▁toàn', '▁các', '▁tiếng', '▁"', 'bíp', '"', '▁trong', '▁ứng', '▁dụng', ':']])
2026-04-24 16:23:42,701 - INFO - ('translated_batches', [TranslationResult(hypotheses=[['▁I', "'", 've', '▁turned', '▁off', '▁all', '▁the', '▁th', 'ro', 'es', '▁in', '▁the', '▁application', ':']], scores=[-7.671466827392578], attention=[], logits=[])])
2026-04-24 16:23:42,701 - INFO - ('value_hypotheses:', [("I've turned off all the throes in the application:", -7.671466827392578)])
2026-04-24 16:23:42,701 - INFO - ('translated_paragraphs:', [[("I've turned off all the throes in the application:", -7.671466827392578)]])
2026-04-24 16:23:42,701 - INFO - ('hypotheses_to_return:', [("I've turned off all the throes in the application:", -7.671466827392578)])
2026-04-24 16:23:42,701 - INFO - ('paragraphs:', [''])
2026-04-24 16:23:42,701 - INFO - ('apply_packaged_translation', '')
2026-04-24 16:23:42,702 - INFO - ('sentences', [])
2026-04-24 16:23:42,702 - INFO - ('tokenized', [])
2026-04-24 16:23:42,702 - INFO - ('translated_batches', [])
2026-04-24 16:23:42,702 - INFO - ('value_hypotheses:', [('', 0)])
2026-04-24 16:23:42,702 - INFO - ('translated_paragraphs:', [[('', 0)]])
2026-04-24 16:23:42,702 - INFO - ('hypotheses_to_return:', [('', 0)])
2026-04-24 16:23:42,702 - INFO - ('paragraphs:', ['Tiếng bíp khi khởi động: Đã xóa (tiếng này vốn để báo hiệu nếu phím tắt bị trùng).'])
2026-04-24 16:23:42,702 - INFO - ('apply_packaged_translation', 'Tiếng bíp khi khởi động: Đã xóa (tiếng này vốn để báo hiệu nếu phím tắt bị trùng).')
2026-04-24 16:23:42,702 - INFO - ('sentences', ['Tiếng bíp khi khởi động: Đã xóa (tiếng này vốn để báo hiệu nếu phím tắt bị trùng).'])
2026-04-24 16:23:42,702 - INFO - ('tokenized', [['▁Tiếng', '▁bíp', '▁khi', '▁khởi', '▁động', ':', '▁Đã', '▁xóa', '▁(', 'tiếng', '▁này', '▁vốn', '▁để', '▁báo', '▁hiệu', '▁nếu', '▁phím', '▁tắt', '▁bị', '▁trùng', ').']])
2026-04-24 16:23:42,871 - INFO - ('translated_batches', [TranslationResult(hypotheses=[['▁The', '▁beep', '▁on', '▁startup', ':', '▁deleted', '▁(', 'this', '▁sound', '▁is', '▁used', '▁to', '▁signal', '▁if', '▁the', '▁key', '▁is', '▁duplicate', 'd', ')', '.']], scores=[-7.237628936767578], attention=[], logits=[])])
2026-04-24 16:23:42,871 - INFO - ('value_hypotheses:', [('The beep on startup: deleted (this sound is used to signal if the key is duplicated).', -7.237628936767578)])
2026-04-24 16:23:42,871 - INFO - ('translated_paragraphs:', [[('The beep on startup: deleted (this sound is used to signal if the key is duplicated).', -7.237628936767578)]])
2026-04-24 16:23:42,871 - INFO - ('hypotheses_to_return:', [('The beep on startup: deleted (this sound is used to signal if the key is duplicated).', -7.237628936767578)])
2026-04-24 16:23:42,871 - INFO - ('paragraphs:', ['Tiếng bíp khi dịch xong: Đã xóa (tiếng "tít" nhỏ báo hiệu đã dịch xong và lưu vào bộ nhớ tạm).'])
2026-04-24 16:23:42,872 - INFO - ('apply_packaged_translation', 'Tiếng bíp khi dịch xong: Đã xóa (tiếng "tít" nhỏ báo hiệu đã dịch xong và lưu vào bộ nhớ tạm).')
2026-04-24 16:23:42,872 - INFO - ('sentences', ['Tiếng bíp khi dịch xong: Đã xóa (tiếng "tít" nhỏ báo hiệu đã dịch xong và lưu vào bộ nhớ tạm).'])
2026-04-24 16:23:42,872 - INFO - ('tokenized', [['▁Tiếng', '▁bíp', '▁khi', '▁dịch', '▁xong', ':', '▁Đã', '▁xóa', '▁(', 'tiếng', '▁"', 'tít', '"', '▁nhỏ', '▁báo', '▁hiệu', '▁đã', '▁dịch', '▁xong', '▁và', '▁lưu', '▁vào', '▁bộ', '▁nhớ', '▁tạm', ').']])
2026-04-24 16:23:43,051 - INFO - ('translated_batches', [TranslationResult(hypotheses=[['▁The', '▁beep', '▁on', '▁translation', ':', '▁deleted', '▁(', 'the', '▁small', '▁"', 'lan', 'gu', 'age', '"', '▁signal', '▁translated', '▁and', '▁saved', '▁to', '▁the', '▁cache', ')', '.']], scores=[-8.518387794494629], attention=[], logits=[])])
2026-04-24 16:23:43,051 - INFO - ('value_hypotheses:', [('The beep on translation: deleted (the small "language" signal translated and saved to the cache).', -8.518387794494629)])
2026-04-24 16:23:43,051 - INFO - ('translated_paragraphs:', [[('The beep on translation: deleted (the small "language" signal translated and saved to the cache).', -8.518387794494629)]])
2026-04-24 16:23:43,051 - INFO - ('hypotheses_to_return:', [('The beep on translation: deleted (the small "language" signal translated and saved to the cache).', -8.518387794494629)])
2026-04-24 16:23:43,051 - INFO - ('paragraphs:', ['Bây giờ ứng dụng sẽ hoạt động trong im lặng tuyệt đối, không phát ra bất kỳ âm thanh nào để đảm bảo tính bí mật cao nhất.'])
2026-04-24 16:23:43,051 - INFO - ('apply_packaged_translation', 'Bây giờ ứng dụng sẽ hoạt động trong im lặng tuyệt đối, không phát ra bất kỳ âm thanh nào để đảm bảo tính bí mật cao nhất.')
2026-04-24 16:23:43,051 - INFO - ('sentences', ['Bây giờ ứng dụng sẽ hoạt động trong im lặng tuyệt đối, không phát ra bất kỳ âm thanh nào để đảm bảo tính bí mật cao nhất.'])
2026-04-24 16:23:43,052 - INFO - ('tokenized', [['▁Bây', '▁giờ', '▁ứng', '▁dụng', '▁sẽ', '▁hoạt', '▁động', '▁trong', '▁im', '▁lặng', '▁tuyệt', '▁đối', ',', '▁không', '▁phát', '▁ra', '▁bất', '▁kỳ', '▁âm', '▁thanh', '▁nào', '▁để', '▁đảm', '▁bảo', '▁tính', '▁bí', '▁mật', '▁cao', '▁nhất', '.']])
2026-04-24 16:23:43,204 - INFO - ('translated_batches', [TranslationResult(hypotheses=[['▁The', '▁application', '▁will', '▁now', '▁operate', '▁in', '▁absolute', '▁silence', ',', '▁making', '▁no', '▁sound', '▁to', '▁ensure', '▁the', '▁highest', '▁secrecy', '.']], scores=[-4.533512115478516], attention=[], logits=[])])
2026-04-24 16:23:43,205 - INFO - ('value_hypotheses:', [('The application will now operate in absolute silence, making no sound to ensure the highest secrecy.', -4.533512115478516)])
2026-04-24 16:23:43,205 - INFO - ('translated_paragraphs:', [[('The application will now operate in absolute silence, making no sound to ensure the highest secrecy.', -4.533512115478516)]])
2026-04-24 16:23:43,205 - INFO - ('hypotheses_to_return:', [('The application will now operate in absolute silence, making no sound to ensure the highest secrecy.', -4.533512115478516)])
2026-04-24 16:23:43,205 - INFO - ('paragraphs:', [''])
2026-04-24 16:23:43,205 - INFO - ('apply_packaged_translation', '')
2026-04-24 16:23:43,205 - INFO - ('sentences', [])
2026-04-24 16:23:43,205 - INFO - ('tokenized', [])
2026-04-24 16:23:43,205 - INFO - ('translated_batches', [])
2026-04-24 16:23:43,205 - INFO - ('value_hypotheses:', [('', 0)])
2026-04-24 16:23:43,206 - INFO - ('translated_paragraphs:', [[('', 0)]])
2026-04-24 16:23:43,206 - INFO - ('hypotheses_to_return:', [('', 0)])
2026-04-24 16:23:43,206 - INFO - ('paragraphs:', ['Bạn kiểm tra lại xem đã ưng ý chưa nhé!_'])
2026-04-24 16:23:43,206 - INFO - ('apply_packaged_translation', 'Bạn kiểm tra lại xem đã ưng ý chưa nhé!_')
2026-04-24 16:23:43,206 - INFO - ('sentences', ['Bạn kiểm tra lại xem đã ưng ý chưa nhé!_'])
2026-04-24 16:23:43,206 - INFO - ('tokenized', [['▁Bạn', '▁kiểm', '▁tra', '▁lại', '▁xem', '▁đã', '▁ưng', '▁ý', '▁chưa', '▁nhé', '!', '_']])
2026-04-24 16:23:43,266 - INFO - ('translated_batches', [TranslationResult(hypotheses=[['▁Check', '▁again', '▁if', '▁you', '▁agree', '!']], scores=[-3.8041887283325195], attention=[], logits=[])])
2026-04-24 16:23:43,267 - INFO - ('value_hypotheses:', [('Check again if you agree!', -3.8041887283325195)])
2026-04-24 16:23:43,267 - INFO - ('translated_paragraphs:', [[('Check again if you agree!', -3.8041887283325195)]])
2026-04-24 16:23:43,267 - INFO - ('hypotheses_to_return:', [('Check again if you agree!', -3.8041887283325195)])
2026-04-24 16:23:43,267 - INFO - ('paragraphs:', [''])
2026-04-24 16:23:43,267 - INFO - ('apply_packaged_translation', '')
2026-04-24 16:23:43,267 - INFO - ('sentences', [])
2026-04-24 16:23:43,267 - INFO - ('tokenized', [])
2026-04-24 16:23:43,268 - INFO - ('translated_batches', [])
2026-04-24 16:23:43,268 - INFO - ('value_hypotheses:', [('', 0)])
2026-04-24 16:23:43,268 - INFO - ('translated_paragraphs:', [[('', 0)]])
2026-04-24 16:23:43,268 - INFO - ('hypotheses_to_return:', [('', 0)])
2026-04-24 16:23:43,268 - INFO - ('paragraphs:', [''])
2026-04-24 16:23:43,268 - INFO - ('apply_packaged_translation', '')
2026-04-24 16:23:43,268 - INFO - ('sentences', [])
2026-04-24 16:23:43,268 - INFO - ('tokenized', [])
2026-04-24 16:23:43,268 - INFO - ('translated_batches', [])
2026-04-24 16:23:43,268 - INFO - ('value_hypotheses:', [('', 0)])
2026-04-24 16:23:43,268 - INFO - ('translated_paragraphs:', [[('', 0)]])
2026-04-24 16:23:43,268 - INFO - ('hypotheses_to_return:', [('', 0)])
2026-04-24 16:25:44,804 - INFO - ('paragraphs:', ['Mở lại ứng dụng: Chạy lại từ Shortcut ngoài Desktop.'])
2026-04-24 16:25:44,805 - INFO - ('apply_packaged_translation', 'Mở lại ứng dụng: Chạy lại từ Shortcut ngoài Desktop.')
2026-04-24 16:25:44,805 - INFO - ('sentences', ['Mở lại ứng dụng: Chạy lại từ Shortcut ngoài Desktop.'])
2026-04-24 16:25:44,841 - INFO - ('tokenized', [['▁Mở', '▁lại', '▁ứng', '▁dụng', ':', '▁Chạy', '▁lại', '▁từ', '▁Short', 'cut', '▁ngoài', '▁Desktop', '.']])
2026-04-24 16:25:44,992 - INFO - ('translated_batches', [TranslationResult(hypotheses=[['▁Re', 'open', '▁the', '▁Application', ':', '▁Re', '-', 'run', '▁from', '▁Short', 'cut', '▁outside', '▁Desktop', '.']], scores=[-5.376180171966553], attention=[], logits=[])])
2026-04-24 16:25:44,992 - INFO - ('value_hypotheses:', [('Reopen the Application: Re-run from Shortcut outside Desktop.', -5.376180171966553)])
2026-04-24 16:25:44,993 - INFO - ('translated_paragraphs:', [[('Reopen the Application: Re-run from Shortcut outside Desktop.', -5.376180171966553)]])
2026-04-24 16:25:44,993 - INFO - ('hypotheses_to_return:', [('Reopen the Application: Re-run from Shortcut outside Desktop.', -5.376180171966553)])
Sat Apr 25 06:02:36 2026 - RADAR: Monitor taskmgr.exe detected, hiding window.
